ply
format ascii 1.0
comment fake anatomy (bilateral STN-like ellipsoids)
element vertex 1650
property float x
property float y
property float z
property uchar red
property uchar green
property uchar blue
element face 3072
property list uchar int vertex_indices
end_header
11.800 -13.500 -5.400 235 150 70
11.800 -13.500 -5.400 235 150 70
11.800 -13.500 -5.400 235 150 70
11.800 -13.500 -5.400 235 150 70
11.800 -13.500 -5.400 235 150 70
11.800 -13.500 -5.400 235 150 70
11.800 -13.500 -5.400 235 150 70
11.800 -13.500 -5.400 235 150 70
11.800 -13.500 -5.400 235 150 70
11.800 -13.500 -5.400 235 150 70
11.800 -13.500 -5.400 235 150 70
11.800 -13.500 -5.400 235 150 70
11.800 -13.500 -5.400 235 150 70
11.800 -13.500 -5.400 235 150 70
11.800 -13.500 -5.400 235 150 70
11.800 -13.500 -5.400 235 150 70
11.800 -13.500 -5.400 235 150 70
11.800 -13.500 -5.400 235 150 70
11.800 -13.500 -5.400 235 150 70
11.800 -13.500 -5.400 235 150 70
11.800 -13.500 -5.400 235 150 70
11.800 -13.500 -5.400 235 150 70
11.800 -13.500 -5.400 235 150 70
11.800 -13.500 -5.400 235 150 70
11.800 -13.500 -5.400 235 150 70
11.800 -13.500 -5.400 235 150 70
11.800 -13.500 -5.400 235 150 70
11.800 -13.500 -5.400 235 150 70
11.800 -13.500 -5.400 235 150 70
11.800 -13.500 -5.400 235 150 70
11.800 -13.500 -5.400 235 150 70
11.800 -13.500 -5.400 235 150 70
11.800 -13.500 -5.400 235 150 70
12.179 -13.323 -5.424 235 150 70
12.122 -13.221 -5.424 235 150 70
12.053 -13.129 -5.424 235 150 70
11.974 -13.051 -5.424 235 150 70
11.888 -12.990 -5.424 235 150 70
11.799 -12.949 -5.424 235 150 70
11.710 -12.930 -5.424 235 150 70
11.625 -12.932 -5.424 235 150 70
11.546 -12.956 -5.424 235 150 70
11.477 -13.001 -5.424 235 150 70
11.421 -13.065 -5.424 235 150 70
11.379 -13.146 -5.424 235 150 70
11.353 -13.240 -5.424 235 150 70
11.344 -13.344 -5.424 235 150 70
11.353 -13.455 -5.424 235 150 70
11.379 -13.567 -5.424 235 150 70
11.421 -13.677 -5.424 235 150 70
11.478 -13.779 -5.424 235 150 70
11.547 -13.871 -5.424 235 150 70
11.626 -13.949 -5.424 235 150 70
11.712 -14.010 -5.424 235 150 70
11.801 -14.051 -5.424 235 150 70
11.890 -14.070 -5.424 235 150 70
11.975 -14.068 -5.424 235 150 70
12.054 -14.044 -5.424 235 150 70
12.123 -13.999 -5.424 235 150 70
12.179 -13.935 -5.424 235 150 70
12.221 -13.854 -5.424 235 150 70
12.247 -13.760 -5.424 235 150 70
12.256 -13.656 -5.424 235 150 70
12.247 -13.545 -5.424 235 150 70
12.221 -13.433 -5.424 235 150 70
12.179 -13.323 -5.424 235 150 70
12.551 -13.150 -5.495 235 150 70
12.438 -12.946 -5.495 235 150 70
12.301 -12.764 -5.495 235 150 70
12.145 -12.609 -5.495 235 150 70
11.975 -12.490 -5.495 235 150 70
11.799 -12.408 -5.495 235 150 70
11.622 -12.369 -5.495 235 150 70
11.453 -12.373 -5.495 235 150 70
11.297 -12.421 -5.495 235 150 70
11.160 -12.510 -5.495 235 150 70
11.048 -12.637 -5.495 235 150 70
10.965 -12.797 -5.495 235 150 70
10.913 -12.985 -5.495 235 150 70
10.896 -13.192 -5.495 235 150 70
10.914 -13.410 -5.495 235 150 70
10.966 -13.633 -5.495 235 150 70
11.049 -13.850 -5.495 235 150 70
11.162 -14.054 -5.495 235 150 70
11.299 -14.236 -5.495 235 150 70
11.455 -14.391 -5.495 235 150 70
11.625 -14.510 -5.495 235 150 70
11.801 -14.592 -5.495 235 150 70
11.978 -14.631 -5.495 235 150 70
12.147 -14.627 -5.495 235 150 70
12.303 -14.579 -5.495 235 150 70
12.440 -14.490 -5.495 235 150 70
12.552 -14.363 -5.495 235 150 70
12.635 -14.203 -5.495 235 150 70
12.687 -14.015 -5.495 235 150 70
12.704 -13.808 -5.495 235 150 70
12.686 -13.590 -5.495 235 150 70
12.634 -13.367 -5.495 235 150 70
12.551 -13.150 -5.495 235 150 70
12.910 -12.982 -5.613 235 150 70
12.743 -12.681 -5.613 235 150 70
12.541 -12.411 -5.613 235 150 70
12.309 -12.183 -5.613 235 150 70
12.059 -12.006 -5.613 235 150 70
11.798 -11.886 -5.613 235 150 70
11.537 -11.828 -5.613 235 150 70
11.287 -11.834 -5.613 235 150 70
11.056 -11.905 -5.613 235 150 70
10.854 -12.036 -5.613 235 150 70
10.688 -12.224 -5.613 235 150 70
10.565 -12.461 -5.613 235 150 70
10.489 -12.738 -5.613 235 150 70
10.464 -13.044 -5.613 235 150 70
10.490 -13.368 -5.613 235 150 70
10.566 -13.696 -5.613 235 150 70
10.690 -14.018 -5.613 235 150 70
10.857 -14.319 -5.613 235 150 70
11.059 -14.589 -5.613 235 150 70
11.291 -14.817 -5.613 235 150 70
11.541 -14.994 -5.613 235 150 70
11.802 -15.114 -5.613 235 150 70
12.063 -15.172 -5.613 235 150 70
12.313 -15.166 -5.613 235 150 70
12.544 -15.095 -5.613 235 150 70
12.746 -14.964 -5.613 235 150 70
12.912 -14.776 -5.613 235 150 70
13.035 -14.539 -5.613 235 150 70
13.111 -14.262 -5.613 235 150 70
13.136 -13.956 -5.613 235 150 70
13.110 -13.632 -5.613 235 150 70
13.034 -13.304 -5.613 235 150 70
12.910 -12.982 -5.613 235 150 70
13.250 -12.824 -5.775 235 150 70
13.033 -12.430 -5.775 235 150 70
12.768 -12.078 -5.775 235 150 70
12.466 -11.780 -5.775 235 150 70
12.138 -11.548 -5.775 235 150 70
11.797 -11.391 -5.775 235 150 70
11.457 -11.315 -5.775 235 150 70
11.130 -11.324 -5.775 235 150 70
10.828 -11.415 -5.775 235 150 70
10.564 -11.587 -5.775 235 150 70
10.347 -11.833 -5.775 235 150 70
10.186 -12.142 -5.775 235 150 70
10.087 -12.504 -5.775 235 150 70
10.054 -12.904 -5.775 235 150 70
10.088 -13.327 -5.775 235 150 70
10.188 -13.757 -5.775 235 150 70
10.350 -14.176 -5.775 235 150 70
10.567 -14.570 -5.775 235 150 70
10.832 -14.922 -5.775 235 150 70
11.134 -15.220 -5.775 235 150 70
11.462 -15.452 -5.775 235 150 70
11.803 -15.609 -5.775 235 150 70
12.143 -15.685 -5.775 235 150 70
12.470 -15.676 -5.775 235 150 70
12.772 -15.585 -5.775 235 150 70
13.036 -15.413 -5.775 235 150 70
13.253 -15.167 -5.775 235 150 70
13.414 -14.858 -5.775 235 150 70
13.513 -14.496 -5.775 235 150 70
13.546 -14.096 -5.775 235 150 70
13.512 -13.673 -5.775 235 150 70
13.412 -13.243 -5.775 235 150 70
13.250 -12.824 -5.775 235 150 70
13.566 -12.677 -5.979 235 150 70
13.301 -12.197 -5.979 235 150 70
12.978 -11.768 -5.979 235 150 70
12.610 -11.405 -5.979 235 150 70
12.212 -11.123 -5.979 235 150 70
11.797 -10.932 -5.979 235 150 70
11.382 -10.840 -5.979 235 150 70
10.984 -10.850 -5.979 235 150 70
10.617 -10.962 -5.979 235 150 70
10.295 -11.171 -5.979 235 150 70
10.031 -11.470 -5.979 235 150 70
9.835 -11.847 -5.979 235 150 70
9.715 -12.288 -5.979 235 150 70
9.675 -12.775 -5.979 235 150 70
9.716 -13.289 -5.979 235 150 70
9.838 -13.812 -5.979 235 150 70
10.034 -14.323 -5.979 235 150 70
10.299 -14.803 -5.979 235 150 70
10.622 -15.232 -5.979 235 150 70
10.990 -15.595 -5.979 235 150 70
11.388 -15.877 -5.979 235 150 70
11.803 -16.068 -5.979 235 150 70
12.218 -16.160 -5.979 235 150 70
12.616 -16.150 -5.979 235 150 70
12.983 -16.038 -5.979 235 150 70
13.305 -15.829 -5.979 235 150 70
13.569 -15.530 -5.979 235 150 70
13.765 -15.153 -5.979 235 150 70
13.885 -14.712 -5.979 235 150 70
13.925 -14.225 -5.979 235 150 70
13.884 -13.711 -5.979 235 150 70
13.762 -13.188 -5.979 235 150 70
13.566 -12.677 -5.979 235 150 70
13.851 -12.544 -6.220 235 150 70
13.543 -11.987 -6.220 235 150 70
13.169 -11.488 -6.220 235 150 70
12.741 -11.067 -6.220 235 150 70
12.278 -10.739 -6.220 235 150 70
11.796 -10.518 -6.220 235 150 70
11.315 -10.411 -6.220 235 150 70
10.852 -10.422 -6.220 235 150 70
10.425 -10.552 -6.220 235 150 70
10.052 -10.795 -6.220 235 150 70
9.745 -11.142 -6.220 235 150 70
9.518 -11.580 -6.220 235 150 70
9.378 -12.092 -6.220 235 150 70
9.331 -12.657 -6.220 235 150 70
9.379 -13.255 -6.220 235 150 70
9.520 -13.863 -6.220 235 150 70
9.749 -14.456 -6.220 235 150 70
10.057 -15.013 -6.220 235 150 70
10.431 -15.512 -6.220 235 150 70
10.859 -15.933 -6.220 235 150 70
11.322 -16.261 -6.220 235 150 70
11.804 -16.482 -6.220 235 150 70
12.285 -16.589 -6.220 235 150 70
12.748 -16.578 -6.220 235 150 70
13.175 -16.448 -6.220 235 150 70
13.548 -16.205 -6.220 235 150 70
13.855 -15.858 -6.220 235 150 70
14.082 -15.420 -6.220 235 150 70
14.222 -14.908 -6.220 235 150 70
14.269 -14.343 -6.220 235 150 70
14.221 -13.745 -6.220 235 150 70
14.080 -13.137 -6.220 235 150 70
13.851 -12.544 -6.220 235 150 70
14.101 -12.427 -6.495 235 150 70
13.756 -11.802 -6.495 235 150 70
13.336 -11.243 -6.495 235 150 70
12.856 -10.770 -6.495 235 150 70
12.336 -10.403 -6.495 235 150 70
11.796 -10.154 -6.495 235 150 70
11.256 -10.034 -6.495 235 150 70
10.736 -10.047 -6.495 235 150 70
10.258 -10.192 -6.495 235 150 70
9.838 -10.465 -6.495 235 150 70
9.495 -10.855 -6.495 235 150 70
9.239 -11.346 -6.495 235 150 70
9.082 -11.920 -6.495 235 150 70
9.030 -12.555 -6.495 235 150 70
9.084 -13.226 -6.495 235 150 70
9.242 -13.907 -6.495 235 150 70
9.499 -14.573 -6.495 235 150 70
9.844 -15.198 -6.495 235 150 70
10.264 -15.757 -6.495 235 150 70
10.744 -16.230 -6.495 235 150 70
11.264 -16.597 -6.495 235 150 70
11.804 -16.846 -6.495 235 150 70
12.344 -16.966 -6.495 235 150 70
12.864 -16.953 -6.495 235 150 70
13.342 -16.808 -6.495 235 150 70
13.762 -16.535 -6.495 235 150 70
14.105 -16.145 -6.495 235 150 70
14.361 -15.654 -6.495 235 150 70
14.518 -15.080 -6.495 235 150 70
14.570 -14.445 -6.495 235 150 70
14.516 -13.774 -6.495 235 150 70
14.358 -13.093 -6.495 235 150 70
14.101 -12.427 -6.495 235 150 70
14.312 -12.329 -6.800 235 150 70
13.935 -11.647 -6.800 235 150 70
13.476 -11.036 -6.800 235 150 70
12.953 -10.520 -6.800 235 150 70
12.386 -10.119 -6.800 235 150 70
11.796 -9.847 -6.800 235 150 70
11.206 -9.716 -6.800 235 150 70
10.639 -9.730 -6.800 235 150 70
10.116 -9.890 -6.800 235 150 70
9.659 -10.187 -6.800 235 150 70
9.283 -10.613 -6.800 235 150 70
9.005 -11.149 -6.800 235 150 70
8.834 -11.775 -6.800 235 150 70
8.776 -12.468 -6.800 235 150 70
8.835 -13.200 -6.800 235 150 70
9.008 -13.944 -6.800 235 150 70
9.288 -14.671 -6.800 235 150 70
9.665 -15.353 -6.800 235 150 70
10.124 -15.964 -6.800 235 150 70
10.647 -16.480 -6.800 235 150 70
11.214 -16.881 -6.800 235 150 70
11.804 -17.153 -6.800 235 150 70
12.394 -17.284 -6.800 235 150 70
12.961 -17.270 -6.800 235 150 70
13.484 -17.110 -6.800 235 150 70
13.941 -16.813 -6.800 235 150 70
14.317 -16.387 -6.800 235 150 70
14.595 -15.851 -6.800 235 150 70
14.766 -15.225 -6.800 235 150 70
14.824 -14.532 -6.800 235 150 70
14.765 -13.800 -6.800 235 150 70
14.592 -13.056 -6.800 235 150 70
14.312 -12.329 -6.800 235 150 70
14.479 -12.251 -7.128 235 150 70
14.078 -11.523 -7.128 235 150 70
13.588 -10.872 -7.128 235 150 70
13.030 -10.321 -7.128 235 150 70
12.425 -9.893 -7.128 235 150 70
11.795 -9.603 -7.128 235 150 70
11.166 -9.463 -7.128 235 150 70
10.561 -9.479 -7.128 235 150 70
10.004 -9.648 -7.128 235 150 70
9.516 -9.966 -7.128 235 150 70
9.115 -10.420 -7.128 235 150 70
8.818 -10.992 -7.128 235 150 70
8.635 -11.660 -7.128 235 150 70
8.574 -12.399 -7.128 235 150 70
8.637 -13.180 -7.128 235 150 70
8.822 -13.974 -7.128 235 150 70
9.121 -14.749 -7.128 235 150 70
9.522 -15.477 -7.128 235 150 70
10.012 -16.128 -7.128 235 150 70
10.570 -16.679 -7.128 235 150 70
11.175 -17.107 -7.128 235 150 70
11.805 -17.397 -7.128 235 150 70
12.434 -17.537 -7.128 235 150 70
13.039 -17.521 -7.128 235 150 70
13.596 -17.352 -7.128 235 150 70
14.084 -17.034 -7.128 235 150 70
14.485 -16.580 -7.128 235 150 70
14.782 -16.008 -7.128 235 150 70
14.965 -15.340 -7.128 235 150 70
15.026 -14.601 -7.128 235 150 70
14.963 -13.820 -7.128 235 150 70
14.778 -13.026 -7.128 235 150 70
14.479 -12.251 -7.128 235 150 70
14.601 -12.194 -7.475 235 150 70
14.181 -11.433 -7.475 235 150 70
13.670 -10.752 -7.475 235 150 70
13.086 -10.177 -7.475 235 150 70
12.453 -9.729 -7.475 235 150 70
11.795 -9.426 -7.475 235 150 70
11.137 -9.280 -7.475 235 150 70
10.505 -9.296 -7.475 235 150 70
9.922 -9.473 -7.475 235 150 70
9.412 -9.805 -7.475 235 150 70
8.993 -10.279 -7.475 235 150 70
8.682 -10.877 -7.475 235 150 70
8.491 -11.576 -7.475 235 150 70
8.428 -12.349 -7.475 235 150 70
8.493 -13.166 -7.475 235 150 70
8.686 -13.996 -7.475 235 150 70
8.999 -14.806 -7.475 235 150 70
9.419 -15.567 -7.475 235 150 70
9.930 -16.248 -7.475 235 150 70
10.514 -16.823 -7.475 235 150 70
11.147 -17.271 -7.475 235 150 70
11.805 -17.574 -7.475 235 150 70
12.463 -17.720 -7.475 235 150 70
13.095 -17.704 -7.475 235 150 70
13.678 -17.527 -7.475 235 150 70
14.188 -17.195 -7.475 235 150 70
14.607 -16.721 -7.475 235 150 70
14.918 -16.123 -7.475 235 150 70
15.109 -15.424 -7.475 235 150 70
15.172 -14.651 -7.475 235 150 70
15.107 -13.834 -7.475 235 150 70
14.914 -13.004 -7.475 235 150 70
14.601 -12.194 -7.475 235 150 70
14.675 -12.159 -7.835 235 150 70
14.244 -11.379 -7.835 235 150 70
13.719 -10.679 -7.835 235 150 70
13.120 -10.089 -7.835 235 150 70
12.470 -9.629 -7.835 235 150 70
11.795 -9.318 -7.835 235 150 70
11.120 -9.168 -7.835 235 150 70
10.471 -9.184 -7.835 235 150 70
9.873 -9.367 -7.835 235 150 70
9.349 -9.708 -7.835 235 150 70
8.919 -10.194 -7.835 235 150 70
8.600 -10.808 -7.835 235 150 70
8.404 -11.525 -7.835 235 150 70
8.338 -12.318 -7.835 235 150 70
8.406 -13.157 -7.835 235 150 70
8.604 -14.009 -7.835 235 150 70
8.925 -14.841 -7.835 235 150 70
9.356 -15.621 -7.835 235 150 70
9.881 -16.321 -7.835 235 150 70
10.480 -16.911 -7.835 235 150 70
11.130 -17.371 -7.835 235 150 70
11.805 -17.682 -7.835 235 150 70
12.480 -17.832 -7.835 235 150 70
13.129 -17.816 -7.835 235 150 70
13.727 -17.633 -7.835 235 150 70
14.251 -17.292 -7.835 235 150 70
14.681 -16.806 -7.835 235 150 70
15.000 -16.192 -7.835 235 150 70
15.196 -15.475 -7.835 235 150 70
15.262 -14.682 -7.835 235 150 70
15.194 -13.843 -7.835 235 150 70
14.996 -12.991 -7.835 235 150 70
14.675 -12.159 -7.835 235 150 70
14.700 -12.148 -8.200 235 150 70
14.265 -11.360 -8.200 235 150 70
13.735 -10.655 -8.200 235 150 70
13.131 -10.059 -8.200 235 150 70
12.476 -9.596 -8.200 235 150 70
11.795 -9.282 -8.200 235 150 70
11.114 -9.131 -8.200 235 150 70
10.459 -9.147 -8.200 235 150 70
9.856 -9.331 -8.200 235 150 70
9.328 -9.675 -8.200 235 150 70
8.894 -10.166 -8.200 235 150 70
8.572 -10.785 -8.200 235 150 70
8.375 -11.508 -8.200 235 150 70
8.309 -12.308 -8.200 235 150 70
8.377 -13.154 -8.200 235 150 70
8.576 -14.013 -8.200 235 150 70
8.900 -14.852 -8.200 235 150 70
9.335 -15.640 -8.200 235 150 70
9.865 -16.345 -8.200 235 150 70
10.469 -16.941 -8.200 235 150 70
11.124 -17.404 -8.200 235 150 70
11.805 -17.718 -8.200 235 150 70
12.486 -17.869 -8.200 235 150 70
13.141 -17.853 -8.200 235 150 70
13.744 -17.669 -8.200 235 150 70
14.272 -17.325 -8.200 235 150 70
14.706 -16.834 -8.200 235 150 70
15.028 -16.215 -8.200 235 150 70
15.225 -15.492 -8.200 235 150 70
15.291 -14.692 -8.200 235 150 70
15.223 -13.846 -8.200 235 150 70
15.024 -12.987 -8.200 235 150 70
14.700 -12.148 -8.200 235 150 70
14.675 -12.159 -8.565 235 150 70
14.244 -11.379 -8.565 235 150 70
13.719 -10.679 -8.565 235 150 70
13.120 -10.089 -8.565 235 150 70
12.470 -9.629 -8.565 235 150 70
11.795 -9.318 -8.565 235 150 70
11.120 -9.168 -8.565 235 150 70
10.471 -9.184 -8.565 235 150 70
9.873 -9.367 -8.565 235 150 70
9.349 -9.708 -8.565 235 150 70
8.919 -10.194 -8.565 235 150 70
8.600 -10.808 -8.565 235 150 70
8.404 -11.525 -8.565 235 150 70
8.338 -12.318 -8.565 235 150 70
8.406 -13.157 -8.565 235 150 70
8.604 -14.009 -8.565 235 150 70
8.925 -14.841 -8.565 235 150 70
9.356 -15.621 -8.565 235 150 70
9.881 -16.321 -8.565 235 150 70
10.480 -16.911 -8.565 235 150 70
11.130 -17.371 -8.565 235 150 70
11.805 -17.682 -8.565 235 150 70
12.480 -17.832 -8.565 235 150 70
13.129 -17.816 -8.565 235 150 70
13.727 -17.633 -8.565 235 150 70
14.251 -17.292 -8.565 235 150 70
14.681 -16.806 -8.565 235 150 70
15.000 -16.192 -8.565 235 150 70
15.196 -15.475 -8.565 235 150 70
15.262 -14.682 -8.565 235 150 70
15.194 -13.843 -8.565 235 150 70
14.996 -12.991 -8.565 235 150 70
14.675 -12.159 -8.565 235 150 70
14.601 -12.194 -8.925 235 150 70
14.181 -11.433 -8.925 235 150 70
13.670 -10.752 -8.925 235 150 70
13.086 -10.177 -8.925 235 150 70
12.453 -9.729 -8.925 235 150 70
11.795 -9.426 -8.925 235 150 70
11.137 -9.280 -8.925 235 150 70
10.505 -9.296 -8.925 235 150 70
9.922 -9.473 -8.925 235 150 70
9.412 -9.805 -8.925 235 150 70
8.993 -10.279 -8.925 235 150 70
8.682 -10.877 -8.925 235 150 70
8.491 -11.576 -8.925 235 150 70
8.428 -12.349 -8.925 235 150 70
8.493 -13.166 -8.925 235 150 70
8.686 -13.996 -8.925 235 150 70
8.999 -14.806 -8.925 235 150 70
9.419 -15.567 -8.925 235 150 70
9.930 -16.248 -8.925 235 150 70
10.514 -16.823 -8.925 235 150 70
11.147 -17.271 -8.925 235 150 70
11.805 -17.574 -8.925 235 150 70
12.463 -17.720 -8.925 235 150 70
13.095 -17.704 -8.925 235 150 70
13.678 -17.527 -8.925 235 150 70
14.188 -17.195 -8.925 235 150 70
14.607 -16.721 -8.925 235 150 70
14.918 -16.123 -8.925 235 150 70
15.109 -15.424 -8.925 235 150 70
15.172 -14.651 -8.925 235 150 70
15.107 -13.834 -8.925 235 150 70
14.914 -13.004 -8.925 235 150 70
14.601 -12.194 -8.925 235 150 70
14.479 -12.251 -9.272 235 150 70
14.078 -11.523 -9.272 235 150 70
13.588 -10.872 -9.272 235 150 70
13.030 -10.321 -9.272 235 150 70
12.425 -9.893 -9.272 235 150 70
11.795 -9.603 -9.272 235 150 70
11.166 -9.463 -9.272 235 150 70
10.561 -9.479 -9.272 235 150 70
10.004 -9.648 -9.272 235 150 70
9.516 -9.966 -9.272 235 150 70
9.115 -10.420 -9.272 235 150 70
8.818 -10.992 -9.272 235 150 70
8.635 -11.660 -9.272 235 150 70
8.574 -12.399 -9.272 235 150 70
8.637 -13.180 -9.272 235 150 70
8.822 -13.974 -9.272 235 150 70
9.121 -14.749 -9.272 235 150 70
9.522 -15.477 -9.272 235 150 70
10.012 -16.128 -9.272 235 150 70
10.570 -16.679 -9.272 235 150 70
11.175 -17.107 -9.272 235 150 70
11.805 -17.397 -9.272 235 150 70
12.434 -17.537 -9.272 235 150 70
13.039 -17.521 -9.272 235 150 70
13.596 -17.352 -9.272 235 150 70
14.084 -17.034 -9.272 235 150 70
14.485 -16.580 -9.272 235 150 70
14.782 -16.008 -9.272 235 150 70
14.965 -15.340 -9.272 235 150 70
15.026 -14.601 -9.272 235 150 70
14.963 -13.820 -9.272 235 150 70
14.778 -13.026 -9.272 235 150 70
14.479 -12.251 -9.272 235 150 70
14.312 -12.329 -9.600 235 150 70
13.935 -11.647 -9.600 235 150 70
13.476 -11.036 -9.600 235 150 70
12.953 -10.520 -9.600 235 150 70
12.386 -10.119 -9.600 235 150 70
11.796 -9.847 -9.600 235 150 70
11.206 -9.716 -9.600 235 150 70
10.639 -9.730 -9.600 235 150 70
10.116 -9.890 -9.600 235 150 70
9.659 -10.187 -9.600 235 150 70
9.283 -10.613 -9.600 235 150 70
9.005 -11.149 -9.600 235 150 70
8.834 -11.775 -9.600 235 150 70
8.776 -12.468 -9.600 235 150 70
8.835 -13.200 -9.600 235 150 70
9.008 -13.944 -9.600 235 150 70
9.288 -14.671 -9.600 235 150 70
9.665 -15.353 -9.600 235 150 70
10.124 -15.964 -9.600 235 150 70
10.647 -16.480 -9.600 235 150 70
11.214 -16.881 -9.600 235 150 70
11.804 -17.153 -9.600 235 150 70
12.394 -17.284 -9.600 235 150 70
12.961 -17.270 -9.600 235 150 70
13.484 -17.110 -9.600 235 150 70
13.941 -16.813 -9.600 235 150 70
14.317 -16.387 -9.600 235 150 70
14.595 -15.851 -9.600 235 150 70
14.766 -15.225 -9.600 235 150 70
14.824 -14.532 -9.600 235 150 70
14.765 -13.800 -9.600 235 150 70
14.592 -13.056 -9.600 235 150 70
14.312 -12.329 -9.600 235 150 70
14.101 -12.427 -9.905 235 150 70
13.756 -11.802 -9.905 235 150 70
13.336 -11.243 -9.905 235 150 70
12.856 -10.770 -9.905 235 150 70
12.336 -10.403 -9.905 235 150 70
11.796 -10.154 -9.905 235 150 70
11.256 -10.034 -9.905 235 150 70
10.736 -10.047 -9.905 235 150 70
10.258 -10.192 -9.905 235 150 70
9.838 -10.465 -9.905 235 150 70
9.495 -10.855 -9.905 235 150 70
9.239 -11.346 -9.905 235 150 70
9.082 -11.920 -9.905 235 150 70
9.030 -12.555 -9.905 235 150 70
9.084 -13.226 -9.905 235 150 70
9.242 -13.907 -9.905 235 150 70
9.499 -14.573 -9.905 235 150 70
9.844 -15.198 -9.905 235 150 70
10.264 -15.757 -9.905 235 150 70
10.744 -16.230 -9.905 235 150 70
11.264 -16.597 -9.905 235 150 70
11.804 -16.846 -9.905 235 150 70
12.344 -16.966 -9.905 235 150 70
12.864 -16.953 -9.905 235 150 70
13.342 -16.808 -9.905 235 150 70
13.762 -16.535 -9.905 235 150 70
14.105 -16.145 -9.905 235 150 70
14.361 -15.654 -9.905 235 150 70
14.518 -15.080 -9.905 235 150 70
14.570 -14.445 -9.905 235 150 70
14.516 -13.774 -9.905 235 150 70
14.358 -13.093 -9.905 235 150 70
14.101 -12.427 -9.905 235 150 70
13.851 -12.544 -10.180 235 150 70
13.543 -11.987 -10.180 235 150 70
13.169 -11.488 -10.180 235 150 70
12.741 -11.067 -10.180 235 150 70
12.278 -10.739 -10.180 235 150 70
11.796 -10.518 -10.180 235 150 70
11.315 -10.411 -10.180 235 150 70
10.852 -10.422 -10.180 235 150 70
10.425 -10.552 -10.180 235 150 70
10.052 -10.795 -10.180 235 150 70
9.745 -11.142 -10.180 235 150 70
9.518 -11.580 -10.180 235 150 70
9.378 -12.092 -10.180 235 150 70
9.331 -12.657 -10.180 235 150 70
9.379 -13.255 -10.180 235 150 70
9.520 -13.863 -10.180 235 150 70
9.749 -14.456 -10.180 235 150 70
10.057 -15.013 -10.180 235 150 70
10.431 -15.512 -10.180 235 150 70
10.859 -15.933 -10.180 235 150 70
11.322 -16.261 -10.180 235 150 70
11.804 -16.482 -10.180 235 150 70
12.285 -16.589 -10.180 235 150 70
12.748 -16.578 -10.180 235 150 70
13.175 -16.448 -10.180 235 150 70
13.548 -16.205 -10.180 235 150 70
13.855 -15.858 -10.180 235 150 70
14.082 -15.420 -10.180 235 150 70
14.222 -14.908 -10.180 235 150 70
14.269 -14.343 -10.180 235 150 70
14.221 -13.745 -10.180 235 150 70
14.080 -13.137 -10.180 235 150 70
13.851 -12.544 -10.180 235 150 70
13.566 -12.677 -10.421 235 150 70
13.301 -12.197 -10.421 235 150 70
12.978 -11.768 -10.421 235 150 70
12.610 -11.405 -10.421 235 150 70
12.212 -11.123 -10.421 235 150 70
11.797 -10.932 -10.421 235 150 70
11.382 -10.840 -10.421 235 150 70
10.984 -10.850 -10.421 235 150 70
10.617 -10.962 -10.421 235 150 70
10.295 -11.171 -10.421 235 150 70
10.031 -11.470 -10.421 235 150 70
9.835 -11.847 -10.421 235 150 70
9.715 -12.288 -10.421 235 150 70
9.675 -12.775 -10.421 235 150 70
9.716 -13.289 -10.421 235 150 70
9.838 -13.812 -10.421 235 150 70
10.034 -14.323 -10.421 235 150 70
10.299 -14.803 -10.421 235 150 70
10.622 -15.232 -10.421 235 150 70
10.990 -15.595 -10.421 235 150 70
11.388 -15.877 -10.421 235 150 70
11.803 -16.068 -10.421 235 150 70
12.218 -16.160 -10.421 235 150 70
12.616 -16.150 -10.421 235 150 70
12.983 -16.038 -10.421 235 150 70
13.305 -15.829 -10.421 235 150 70
13.569 -15.530 -10.421 235 150 70
13.765 -15.153 -10.421 235 150 70
13.885 -14.712 -10.421 235 150 70
13.925 -14.225 -10.421 235 150 70
13.884 -13.711 -10.421 235 150 70
13.762 -13.188 -10.421 235 150 70
13.566 -12.677 -10.421 235 150 70
13.250 -12.824 -10.625 235 150 70
13.033 -12.430 -10.625 235 150 70
12.768 -12.078 -10.625 235 150 70
12.466 -11.780 -10.625 235 150 70
12.138 -11.548 -10.625 235 150 70
11.797 -11.391 -10.625 235 150 70
11.457 -11.315 -10.625 235 150 70
11.130 -11.324 -10.625 235 150 70
10.828 -11.415 -10.625 235 150 70
10.564 -11.587 -10.625 235 150 70
10.347 -11.833 -10.625 235 150 70
10.186 -12.142 -10.625 235 150 70
10.087 -12.504 -10.625 235 150 70
10.054 -12.904 -10.625 235 150 70
10.088 -13.327 -10.625 235 150 70
10.188 -13.757 -10.625 235 150 70
10.350 -14.176 -10.625 235 150 70
10.567 -14.570 -10.625 235 150 70
10.832 -14.922 -10.625 235 150 70
11.134 -15.220 -10.625 235 150 70
11.462 -15.452 -10.625 235 150 70
11.803 -15.609 -10.625 235 150 70
12.143 -15.685 -10.625 235 150 70
12.470 -15.676 -10.625 235 150 70
12.772 -15.585 -10.625 235 150 70
13.036 -15.413 -10.625 235 150 70
13.253 -15.167 -10.625 235 150 70
13.414 -14.858 -10.625 235 150 70
13.513 -14.496 -10.625 235 150 70
13.546 -14.096 -10.625 235 150 70
13.512 -13.673 -10.625 235 150 70
13.412 -13.243 -10.625 235 150 70
13.250 -12.824 -10.625 235 150 70
12.910 -12.982 -10.787 235 150 70
12.743 -12.681 -10.787 235 150 70
12.541 -12.411 -10.787 235 150 70
12.309 -12.183 -10.787 235 150 70
12.059 -12.006 -10.787 235 150 70
11.798 -11.886 -10.787 235 150 70
11.537 -11.828 -10.787 235 150 70
11.287 -11.834 -10.787 235 150 70
11.056 -11.905 -10.787 235 150 70
10.854 -12.036 -10.787 235 150 70
10.688 -12.224 -10.787 235 150 70
10.565 -12.461 -10.787 235 150 70
10.489 -12.738 -10.787 235 150 70
10.464 -13.044 -10.787 235 150 70
10.490 -13.368 -10.787 235 150 70
10.566 -13.696 -10.787 235 150 70
10.690 -14.018 -10.787 235 150 70
10.857 -14.319 -10.787 235 150 70
11.059 -14.589 -10.787 235 150 70
11.291 -14.817 -10.787 235 150 70
11.541 -14.994 -10.787 235 150 70
11.802 -15.114 -10.787 235 150 70
12.063 -15.172 -10.787 235 150 70
12.313 -15.166 -10.787 235 150 70
12.544 -15.095 -10.787 235 150 70
12.746 -14.964 -10.787 235 150 70
12.912 -14.776 -10.787 235 150 70
13.035 -14.539 -10.787 235 150 70
13.111 -14.262 -10.787 235 150 70
13.136 -13.956 -10.787 235 150 70
13.110 -13.632 -10.787 235 150 70
13.034 -13.304 -10.787 235 150 70
12.910 -12.982 -10.787 235 150 70
12.551 -13.150 -10.905 235 150 70
12.438 -12.946 -10.905 235 150 70
12.301 -12.764 -10.905 235 150 70
12.145 -12.609 -10.905 235 150 70
11.975 -12.490 -10.905 235 150 70
11.799 -12.408 -10.905 235 150 70
11.622 -12.369 -10.905 235 150 70
11.453 -12.373 -10.905 235 150 70
11.297 -12.421 -10.905 235 150 70
11.160 -12.510 -10.905 235 150 70
11.048 -12.637 -10.905 235 150 70
10.965 -12.797 -10.905 235 150 70
10.913 -12.985 -10.905 235 150 70
10.896 -13.192 -10.905 235 150 70
10.914 -13.410 -10.905 235 150 70
10.966 -13.633 -10.905 235 150 70
11.049 -13.850 -10.905 235 150 70
11.162 -14.054 -10.905 235 150 70
11.299 -14.236 -10.905 235 150 70
11.455 -14.391 -10.905 235 150 70
11.625 -14.510 -10.905 235 150 70
11.801 -14.592 -10.905 235 150 70
11.978 -14.631 -10.905 235 150 70
12.147 -14.627 -10.905 235 150 70
12.303 -14.579 -10.905 235 150 70
12.440 -14.490 -10.905 235 150 70
12.552 -14.363 -10.905 235 150 70
12.635 -14.203 -10.905 235 150 70
12.687 -14.015 -10.905 235 150 70
12.704 -13.808 -10.905 235 150 70
12.686 -13.590 -10.905 235 150 70
12.634 -13.367 -10.905 235 150 70
12.551 -13.150 -10.905 235 150 70
12.179 -13.323 -10.976 235 150 70
12.122 -13.221 -10.976 235 150 70
12.053 -13.129 -10.976 235 150 70
11.974 -13.051 -10.976 235 150 70
11.888 -12.990 -10.976 235 150 70
11.799 -12.949 -10.976 235 150 70
11.710 -12.930 -10.976 235 150 70
11.625 -12.932 -10.976 235 150 70
11.546 -12.956 -10.976 235 150 70
11.477 -13.001 -10.976 235 150 70
11.421 -13.065 -10.976 235 150 70
11.379 -13.146 -10.976 235 150 70
11.353 -13.240 -10.976 235 150 70
11.344 -13.344 -10.976 235 150 70
11.353 -13.455 -10.976 235 150 70
11.379 -13.567 -10.976 235 150 70
11.421 -13.677 -10.976 235 150 70
11.478 -13.779 -10.976 235 150 70
11.547 -13.871 -10.976 235 150 70
11.626 -13.949 -10.976 235 150 70
11.712 -14.010 -10.976 235 150 70
11.801 -14.051 -10.976 235 150 70
11.890 -14.070 -10.976 235 150 70
11.975 -14.068 -10.976 235 150 70
12.054 -14.044 -10.976 235 150 70
12.123 -13.999 -10.976 235 150 70
12.179 -13.935 -10.976 235 150 70
12.221 -13.854 -10.976 235 150 70
12.247 -13.760 -10.976 235 150 70
12.256 -13.656 -10.976 235 150 70
12.247 -13.545 -10.976 235 150 70
12.221 -13.433 -10.976 235 150 70
12.179 -13.323 -10.976 235 150 70
11.800 -13.500 -11.000 235 150 70
11.800 -13.500 -11.000 235 150 70
11.800 -13.500 -11.000 235 150 70
11.800 -13.500 -11.000 235 150 70
11.800 -13.500 -11.000 235 150 70
11.800 -13.500 -11.000 235 150 70
11.800 -13.500 -11.000 235 150 70
11.800 -13.500 -11.000 235 150 70
11.800 -13.500 -11.000 235 150 70
11.800 -13.500 -11.000 235 150 70
11.800 -13.500 -11.000 235 150 70
11.800 -13.500 -11.000 235 150 70
11.800 -13.500 -11.000 235 150 70
11.800 -13.500 -11.000 235 150 70
11.800 -13.500 -11.000 235 150 70
11.800 -13.500 -11.000 235 150 70
11.800 -13.500 -11.000 235 150 70
11.800 -13.500 -11.000 235 150 70
11.800 -13.500 -11.000 235 150 70
11.800 -13.500 -11.000 235 150 70
11.800 -13.500 -11.000 235 150 70
11.800 -13.500 -11.000 235 150 70
11.800 -13.500 -11.000 235 150 70
11.800 -13.500 -11.000 235 150 70
11.800 -13.500 -11.000 235 150 70
11.800 -13.500 -11.000 235 150 70
11.800 -13.500 -11.000 235 150 70
11.800 -13.500 -11.000 235 150 70
11.800 -13.500 -11.000 235 150 70
11.800 -13.500 -11.000 235 150 70
11.800 -13.500 -11.000 235 150 70
11.800 -13.500 -11.000 235 150 70
11.800 -13.500 -11.000 235 150 70
-11.800 -13.500 -5.400 235 150 70
-11.800 -13.500 -5.400 235 150 70
-11.800 -13.500 -5.400 235 150 70
-11.800 -13.500 -5.400 235 150 70
-11.800 -13.500 -5.400 235 150 70
-11.800 -13.500 -5.400 235 150 70
-11.800 -13.500 -5.400 235 150 70
-11.800 -13.500 -5.400 235 150 70
-11.800 -13.500 -5.400 235 150 70
-11.800 -13.500 -5.400 235 150 70
-11.800 -13.500 -5.400 235 150 70
-11.800 -13.500 -5.400 235 150 70
-11.800 -13.500 -5.400 235 150 70
-11.800 -13.500 -5.400 235 150 70
-11.800 -13.500 -5.400 235 150 70
-11.800 -13.500 -5.400 235 150 70
-11.800 -13.500 -5.400 235 150 70
-11.800 -13.500 -5.400 235 150 70
-11.800 -13.500 -5.400 235 150 70
-11.800 -13.500 -5.400 235 150 70
-11.800 -13.500 -5.400 235 150 70
-11.800 -13.500 -5.400 235 150 70
-11.800 -13.500 -5.400 235 150 70
-11.800 -13.500 -5.400 235 150 70
-11.800 -13.500 -5.400 235 150 70
-11.800 -13.500 -5.400 235 150 70
-11.800 -13.500 -5.400 235 150 70
-11.800 -13.500 -5.400 235 150 70
-11.800 -13.500 -5.400 235 150 70
-11.800 -13.500 -5.400 235 150 70
-11.800 -13.500 -5.400 235 150 70
-11.800 -13.500 -5.400 235 150 70
-11.800 -13.500 -5.400 235 150 70
-11.421 -13.677 -5.424 235 150 70
-11.379 -13.567 -5.424 235 150 70
-11.353 -13.455 -5.424 235 150 70
-11.344 -13.344 -5.424 235 150 70
-11.353 -13.240 -5.424 235 150 70
-11.379 -13.146 -5.424 235 150 70
-11.421 -13.065 -5.424 235 150 70
-11.477 -13.001 -5.424 235 150 70
-11.546 -12.956 -5.424 235 150 70
-11.625 -12.932 -5.424 235 150 70
-11.710 -12.930 -5.424 235 150 70
-11.799 -12.949 -5.424 235 150 70
-11.888 -12.990 -5.424 235 150 70
-11.974 -13.051 -5.424 235 150 70
-12.053 -13.129 -5.424 235 150 70
-12.122 -13.221 -5.424 235 150 70
-12.179 -13.323 -5.424 235 150 70
-12.221 -13.433 -5.424 235 150 70
-12.247 -13.545 -5.424 235 150 70
-12.256 -13.656 -5.424 235 150 70
-12.247 -13.760 -5.424 235 150 70
-12.221 -13.854 -5.424 235 150 70
-12.179 -13.935 -5.424 235 150 70
-12.123 -13.999 -5.424 235 150 70
-12.054 -14.044 -5.424 235 150 70
-11.975 -14.068 -5.424 235 150 70
-11.890 -14.070 -5.424 235 150 70
-11.801 -14.051 -5.424 235 150 70
-11.712 -14.010 -5.424 235 150 70
-11.626 -13.949 -5.424 235 150 70
-11.547 -13.871 -5.424 235 150 70
-11.478 -13.779 -5.424 235 150 70
-11.421 -13.677 -5.424 235 150 70
-11.049 -13.850 -5.495 235 150 70
-10.966 -13.633 -5.495 235 150 70
-10.914 -13.410 -5.495 235 150 70
-10.896 -13.192 -5.495 235 150 70
-10.913 -12.985 -5.495 235 150 70
-10.965 -12.797 -5.495 235 150 70
-11.048 -12.637 -5.495 235 150 70
-11.160 -12.510 -5.495 235 150 70
-11.297 -12.421 -5.495 235 150 70
-11.453 -12.373 -5.495 235 150 70
-11.622 -12.369 -5.495 235 150 70
-11.799 -12.408 -5.495 235 150 70
-11.975 -12.490 -5.495 235 150 70
-12.145 -12.609 -5.495 235 150 70
-12.301 -12.764 -5.495 235 150 70
-12.438 -12.946 -5.495 235 150 70
-12.551 -13.150 -5.495 235 150 70
-12.634 -13.367 -5.495 235 150 70
-12.686 -13.590 -5.495 235 150 70
-12.704 -13.808 -5.495 235 150 70
-12.687 -14.015 -5.495 235 150 70
-12.635 -14.203 -5.495 235 150 70
-12.552 -14.363 -5.495 235 150 70
-12.440 -14.490 -5.495 235 150 70
-12.303 -14.579 -5.495 235 150 70
-12.147 -14.627 -5.495 235 150 70
-11.978 -14.631 -5.495 235 150 70
-11.801 -14.592 -5.495 235 150 70
-11.625 -14.510 -5.495 235 150 70
-11.455 -14.391 -5.495 235 150 70
-11.299 -14.236 -5.495 235 150 70
-11.162 -14.054 -5.495 235 150 70
-11.049 -13.850 -5.495 235 150 70
-10.690 -14.018 -5.613 235 150 70
-10.566 -13.696 -5.613 235 150 70
-10.490 -13.368 -5.613 235 150 70
-10.464 -13.044 -5.613 235 150 70
-10.489 -12.738 -5.613 235 150 70
-10.565 -12.461 -5.613 235 150 70
-10.688 -12.224 -5.613 235 150 70
-10.854 -12.036 -5.613 235 150 70
-11.056 -11.905 -5.613 235 150 70
-11.287 -11.834 -5.613 235 150 70
-11.537 -11.828 -5.613 235 150 70
-11.798 -11.886 -5.613 235 150 70
-12.059 -12.006 -5.613 235 150 70
-12.309 -12.183 -5.613 235 150 70
-12.541 -12.411 -5.613 235 150 70
-12.743 -12.681 -5.613 235 150 70
-12.910 -12.982 -5.613 235 150 70
-13.034 -13.304 -5.613 235 150 70
-13.110 -13.632 -5.613 235 150 70
-13.136 -13.956 -5.613 235 150 70
-13.111 -14.262 -5.613 235 150 70
-13.035 -14.539 -5.613 235 150 70
-12.912 -14.776 -5.613 235 150 70
-12.746 -14.964 -5.613 235 150 70
-12.544 -15.095 -5.613 235 150 70
-12.313 -15.166 -5.613 235 150 70
-12.063 -15.172 -5.613 235 150 70
-11.802 -15.114 -5.613 235 150 70
-11.541 -14.994 -5.613 235 150 70
-11.291 -14.817 -5.613 235 150 70
-11.059 -14.589 -5.613 235 150 70
-10.857 -14.319 -5.613 235 150 70
-10.690 -14.018 -5.613 235 150 70
-10.350 -14.176 -5.775 235 150 70
-10.188 -13.757 -5.775 235 150 70
-10.088 -13.327 -5.775 235 150 70
-10.054 -12.904 -5.775 235 150 70
-10.087 -12.504 -5.775 235 150 70
-10.186 -12.142 -5.775 235 150 70
-10.347 -11.833 -5.775 235 150 70
-10.564 -11.587 -5.775 235 150 70
-10.828 -11.415 -5.775 235 150 70
-11.130 -11.324 -5.775 235 150 70
-11.457 -11.315 -5.775 235 150 70
-11.797 -11.391 -5.775 235 150 70
-12.138 -11.548 -5.775 235 150 70
-12.466 -11.780 -5.775 235 150 70
-12.768 -12.078 -5.775 235 150 70
-13.033 -12.430 -5.775 235 150 70
-13.250 -12.824 -5.775 235 150 70
-13.412 -13.243 -5.775 235 150 70
-13.512 -13.673 -5.775 235 150 70
-13.546 -14.096 -5.775 235 150 70
-13.513 -14.496 -5.775 235 150 70
-13.414 -14.858 -5.775 235 150 70
-13.253 -15.167 -5.775 235 150 70
-13.036 -15.413 -5.775 235 150 70
-12.772 -15.585 -5.775 235 150 70
-12.470 -15.676 -5.775 235 150 70
-12.143 -15.685 -5.775 235 150 70
-11.803 -15.609 -5.775 235 150 70
-11.462 -15.452 -5.775 235 150 70
-11.134 -15.220 -5.775 235 150 70
-10.832 -14.922 -5.775 235 150 70
-10.567 -14.570 -5.775 235 150 70
-10.350 -14.176 -5.775 235 150 70
-10.034 -14.323 -5.979 235 150 70
-9.838 -13.812 -5.979 235 150 70
-9.716 -13.289 -5.979 235 150 70
-9.675 -12.775 -5.979 235 150 70
-9.715 -12.288 -5.979 235 150 70
-9.835 -11.847 -5.979 235 150 70
-10.031 -11.470 -5.979 235 150 70
-10.295 -11.171 -5.979 235 150 70
-10.617 -10.962 -5.979 235 150 70
-10.984 -10.850 -5.979 235 150 70
-11.382 -10.840 -5.979 235 150 70
-11.797 -10.932 -5.979 235 150 70
-12.212 -11.123 -5.979 235 150 70
-12.610 -11.405 -5.979 235 150 70
-12.978 -11.768 -5.979 235 150 70
-13.301 -12.197 -5.979 235 150 70
-13.566 -12.677 -5.979 235 150 70
-13.762 -13.188 -5.979 235 150 70
-13.884 -13.711 -5.979 235 150 70
-13.925 -14.225 -5.979 235 150 70
-13.885 -14.712 -5.979 235 150 70
-13.765 -15.153 -5.979 235 150 70
-13.569 -15.530 -5.979 235 150 70
-13.305 -15.829 -5.979 235 150 70
-12.983 -16.038 -5.979 235 150 70
-12.616 -16.150 -5.979 235 150 70
-12.218 -16.160 -5.979 235 150 70
-11.803 -16.068 -5.979 235 150 70
-11.388 -15.877 -5.979 235 150 70
-10.990 -15.595 -5.979 235 150 70
-10.622 -15.232 -5.979 235 150 70
-10.299 -14.803 -5.979 235 150 70
-10.034 -14.323 -5.979 235 150 70
-9.749 -14.456 -6.220 235 150 70
-9.520 -13.863 -6.220 235 150 70
-9.379 -13.255 -6.220 235 150 70
-9.331 -12.657 -6.220 235 150 70
-9.378 -12.092 -6.220 235 150 70
-9.518 -11.580 -6.220 235 150 70
-9.745 -11.142 -6.220 235 150 70
-10.052 -10.795 -6.220 235 150 70
-10.425 -10.552 -6.220 235 150 70
-10.852 -10.422 -6.220 235 150 70
-11.315 -10.411 -6.220 235 150 70
-11.796 -10.518 -6.220 235 150 70
-12.278 -10.739 -6.220 235 150 70
-12.741 -11.067 -6.220 235 150 70
-13.169 -11.488 -6.220 235 150 70
-13.543 -11.987 -6.220 235 150 70
-13.851 -12.544 -6.220 235 150 70
-14.080 -13.137 -6.220 235 150 70
-14.221 -13.745 -6.220 235 150 70
-14.269 -14.343 -6.220 235 150 70
-14.222 -14.908 -6.220 235 150 70
-14.082 -15.420 -6.220 235 150 70
-13.855 -15.858 -6.220 235 150 70
-13.548 -16.205 -6.220 235 150 70
-13.175 -16.448 -6.220 235 150 70
-12.748 -16.578 -6.220 235 150 70
-12.285 -16.589 -6.220 235 150 70
-11.804 -16.482 -6.220 235 150 70
-11.322 -16.261 -6.220 235 150 70
-10.859 -15.933 -6.220 235 150 70
-10.431 -15.512 -6.220 235 150 70
-10.057 -15.013 -6.220 235 150 70
-9.749 -14.456 -6.220 235 150 70
-9.499 -14.573 -6.495 235 150 70
-9.242 -13.907 -6.495 235 150 70
-9.084 -13.226 -6.495 235 150 70
-9.030 -12.555 -6.495 235 150 70
-9.082 -11.920 -6.495 235 150 70
-9.239 -11.346 -6.495 235 150 70
-9.495 -10.855 -6.495 235 150 70
-9.838 -10.465 -6.495 235 150 70
-10.258 -10.192 -6.495 235 150 70
-10.736 -10.047 -6.495 235 150 70
-11.256 -10.034 -6.495 235 150 70
-11.796 -10.154 -6.495 235 150 70
-12.336 -10.403 -6.495 235 150 70
-12.856 -10.770 -6.495 235 150 70
-13.336 -11.243 -6.495 235 150 70
-13.756 -11.802 -6.495 235 150 70
-14.101 -12.427 -6.495 235 150 70
-14.358 -13.093 -6.495 235 150 70
-14.516 -13.774 -6.495 235 150 70
-14.570 -14.445 -6.495 235 150 70
-14.518 -15.080 -6.495 235 150 70
-14.361 -15.654 -6.495 235 150 70
-14.105 -16.145 -6.495 235 150 70
-13.762 -16.535 -6.495 235 150 70
-13.342 -16.808 -6.495 235 150 70
-12.864 -16.953 -6.495 235 150 70
-12.344 -16.966 -6.495 235 150 70
-11.804 -16.846 -6.495 235 150 70
-11.264 -16.597 -6.495 235 150 70
-10.744 -16.230 -6.495 235 150 70
-10.264 -15.757 -6.495 235 150 70
-9.844 -15.198 -6.495 235 150 70
-9.499 -14.573 -6.495 235 150 70
-9.288 -14.671 -6.800 235 150 70
-9.008 -13.944 -6.800 235 150 70
-8.835 -13.200 -6.800 235 150 70
-8.776 -12.468 -6.800 235 150 70
-8.834 -11.775 -6.800 235 150 70
-9.005 -11.149 -6.800 235 150 70
-9.283 -10.613 -6.800 235 150 70
-9.659 -10.187 -6.800 235 150 70
-10.116 -9.890 -6.800 235 150 70
-10.639 -9.730 -6.800 235 150 70
-11.206 -9.716 -6.800 235 150 70
-11.796 -9.847 -6.800 235 150 70
-12.386 -10.119 -6.800 235 150 70
-12.953 -10.520 -6.800 235 150 70
-13.476 -11.036 -6.800 235 150 70
-13.935 -11.647 -6.800 235 150 70
-14.312 -12.329 -6.800 235 150 70
-14.592 -13.056 -6.800 235 150 70
-14.765 -13.800 -6.800 235 150 70
-14.824 -14.532 -6.800 235 150 70
-14.766 -15.225 -6.800 235 150 70
-14.595 -15.851 -6.800 235 150 70
-14.317 -16.387 -6.800 235 150 70
-13.941 -16.813 -6.800 235 150 70
-13.484 -17.110 -6.800 235 150 70
-12.961 -17.270 -6.800 235 150 70
-12.394 -17.284 -6.800 235 150 70
-11.804 -17.153 -6.800 235 150 70
-11.214 -16.881 -6.800 235 150 70
-10.647 -16.480 -6.800 235 150 70
-10.124 -15.964 -6.800 235 150 70
-9.665 -15.353 -6.800 235 150 70
-9.288 -14.671 -6.800 235 150 70
-9.121 -14.749 -7.128 235 150 70
-8.822 -13.974 -7.128 235 150 70
-8.637 -13.180 -7.128 235 150 70
-8.574 -12.399 -7.128 235 150 70
-8.635 -11.660 -7.128 235 150 70
-8.818 -10.992 -7.128 235 150 70
-9.115 -10.420 -7.128 235 150 70
-9.516 -9.966 -7.128 235 150 70
-10.004 -9.648 -7.128 235 150 70
-10.561 -9.479 -7.128 235 150 70
-11.166 -9.463 -7.128 235 150 70
-11.795 -9.603 -7.128 235 150 70
-12.425 -9.893 -7.128 235 150 70
-13.030 -10.321 -7.128 235 150 70
-13.588 -10.872 -7.128 235 150 70
-14.078 -11.523 -7.128 235 150 70
-14.479 -12.251 -7.128 235 150 70
-14.778 -13.026 -7.128 235 150 70
-14.963 -13.820 -7.128 235 150 70
-15.026 -14.601 -7.128 235 150 70
-14.965 -15.340 -7.128 235 150 70
-14.782 -16.008 -7.128 235 150 70
-14.485 -16.580 -7.128 235 150 70
-14.084 -17.034 -7.128 235 150 70
-13.596 -17.352 -7.128 235 150 70
-13.039 -17.521 -7.128 235 150 70
-12.434 -17.537 -7.128 235 150 70
-11.805 -17.397 -7.128 235 150 70
-11.175 -17.107 -7.128 235 150 70
-10.570 -16.679 -7.128 235 150 70
-10.012 -16.128 -7.128 235 150 70
-9.522 -15.477 -7.128 235 150 70
-9.121 -14.749 -7.128 235 150 70
-8.999 -14.806 -7.475 235 150 70
-8.686 -13.996 -7.475 235 150 70
-8.493 -13.166 -7.475 235 150 70
-8.428 -12.349 -7.475 235 150 70
-8.491 -11.576 -7.475 235 150 70
-8.682 -10.877 -7.475 235 150 70
-8.993 -10.279 -7.475 235 150 70
-9.412 -9.805 -7.475 235 150 70
-9.922 -9.473 -7.475 235 150 70
-10.505 -9.296 -7.475 235 150 70
-11.137 -9.280 -7.475 235 150 70
-11.795 -9.426 -7.475 235 150 70
-12.453 -9.729 -7.475 235 150 70
-13.086 -10.177 -7.475 235 150 70
-13.670 -10.752 -7.475 235 150 70
-14.181 -11.433 -7.475 235 150 70
-14.601 -12.194 -7.475 235 150 70
-14.914 -13.004 -7.475 235 150 70
-15.107 -13.834 -7.475 235 150 70
-15.172 -14.651 -7.475 235 150 70
-15.109 -15.424 -7.475 235 150 70
-14.918 -16.123 -7.475 235 150 70
-14.607 -16.721 -7.475 235 150 70
-14.188 -17.195 -7.475 235 150 70
-13.678 -17.527 -7.475 235 150 70
-13.095 -17.704 -7.475 235 150 70
-12.463 -17.720 -7.475 235 150 70
-11.805 -17.574 -7.475 235 150 70
-11.147 -17.271 -7.475 235 150 70
-10.514 -16.823 -7.475 235 150 70
-9.930 -16.248 -7.475 235 150 70
-9.419 -15.567 -7.475 235 150 70
-8.999 -14.806 -7.475 235 150 70
-8.925 -14.841 -7.835 235 150 70
-8.604 -14.009 -7.835 235 150 70
-8.406 -13.157 -7.835 235 150 70
-8.338 -12.318 -7.835 235 150 70
-8.404 -11.525 -7.835 235 150 70
-8.600 -10.808 -7.835 235 150 70
-8.919 -10.194 -7.835 235 150 70
-9.349 -9.708 -7.835 235 150 70
-9.873 -9.367 -7.835 235 150 70
-10.471 -9.184 -7.835 235 150 70
-11.120 -9.168 -7.835 235 150 70
-11.795 -9.318 -7.835 235 150 70
-12.470 -9.629 -7.835 235 150 70
-13.120 -10.089 -7.835 235 150 70
-13.719 -10.679 -7.835 235 150 70
-14.244 -11.379 -7.835 235 150 70
-14.675 -12.159 -7.835 235 150 70
-14.996 -12.991 -7.835 235 150 70
-15.194 -13.843 -7.835 235 150 70
-15.262 -14.682 -7.835 235 150 70
-15.196 -15.475 -7.835 235 150 70
-15.000 -16.192 -7.835 235 150 70
-14.681 -16.806 -7.835 235 150 70
-14.251 -17.292 -7.835 235 150 70
-13.727 -17.633 -7.835 235 150 70
-13.129 -17.816 -7.835 235 150 70
-12.480 -17.832 -7.835 235 150 70
-11.805 -17.682 -7.835 235 150 70
-11.130 -17.371 -7.835 235 150 70
-10.480 -16.911 -7.835 235 150 70
-9.881 -16.321 -7.835 235 150 70
-9.356 -15.621 -7.835 235 150 70
-8.925 -14.841 -7.835 235 150 70
-8.900 -14.852 -8.200 235 150 70
-8.576 -14.013 -8.200 235 150 70
-8.377 -13.154 -8.200 235 150 70
-8.309 -12.308 -8.200 235 150 70
-8.375 -11.508 -8.200 235 150 70
-8.572 -10.785 -8.200 235 150 70
-8.894 -10.166 -8.200 235 150 70
-9.328 -9.675 -8.200 235 150 70
-9.856 -9.331 -8.200 235 150 70
-10.459 -9.147 -8.200 235 150 70
-11.114 -9.131 -8.200 235 150 70
-11.795 -9.282 -8.200 235 150 70
-12.476 -9.596 -8.200 235 150 70
-13.131 -10.059 -8.200 235 150 70
-13.735 -10.655 -8.200 235 150 70
-14.265 -11.360 -8.200 235 150 70
-14.700 -12.148 -8.200 235 150 70
-15.024 -12.987 -8.200 235 150 70
-15.223 -13.846 -8.200 235 150 70
-15.291 -14.692 -8.200 235 150 70
-15.225 -15.492 -8.200 235 150 70
-15.028 -16.215 -8.200 235 150 70
-14.706 -16.834 -8.200 235 150 70
-14.272 -17.325 -8.200 235 150 70
-13.744 -17.669 -8.200 235 150 70
-13.141 -17.853 -8.200 235 150 70
-12.486 -17.869 -8.200 235 150 70
-11.805 -17.718 -8.200 235 150 70
-11.124 -17.404 -8.200 235 150 70
-10.469 -16.941 -8.200 235 150 70
-9.865 -16.345 -8.200 235 150 70
-9.335 -15.640 -8.200 235 150 70
-8.900 -14.852 -8.200 235 150 70
-8.925 -14.841 -8.565 235 150 70
-8.604 -14.009 -8.565 235 150 70
-8.406 -13.157 -8.565 235 150 70
-8.338 -12.318 -8.565 235 150 70
-8.404 -11.525 -8.565 235 150 70
-8.600 -10.808 -8.565 235 150 70
-8.919 -10.194 -8.565 235 150 70
-9.349 -9.708 -8.565 235 150 70
-9.873 -9.367 -8.565 235 150 70
-10.471 -9.184 -8.565 235 150 70
-11.120 -9.168 -8.565 235 150 70
-11.795 -9.318 -8.565 235 150 70
-12.470 -9.629 -8.565 235 150 70
-13.120 -10.089 -8.565 235 150 70
-13.719 -10.679 -8.565 235 150 70
-14.244 -11.379 -8.565 235 150 70
-14.675 -12.159 -8.565 235 150 70
-14.996 -12.991 -8.565 235 150 70
-15.194 -13.843 -8.565 235 150 70
-15.262 -14.682 -8.565 235 150 70
-15.196 -15.475 -8.565 235 150 70
-15.000 -16.192 -8.565 235 150 70
-14.681 -16.806 -8.565 235 150 70
-14.251 -17.292 -8.565 235 150 70
-13.727 -17.633 -8.565 235 150 70
-13.129 -17.816 -8.565 235 150 70
-12.480 -17.832 -8.565 235 150 70
-11.805 -17.682 -8.565 235 150 70
-11.130 -17.371 -8.565 235 150 70
-10.480 -16.911 -8.565 235 150 70
-9.881 -16.321 -8.565 235 150 70
-9.356 -15.621 -8.565 235 150 70
-8.925 -14.841 -8.565 235 150 70
-8.999 -14.806 -8.925 235 150 70
-8.686 -13.996 -8.925 235 150 70
-8.493 -13.166 -8.925 235 150 70
-8.428 -12.349 -8.925 235 150 70
-8.491 -11.576 -8.925 235 150 70
-8.682 -10.877 -8.925 235 150 70
-8.993 -10.279 -8.925 235 150 70
-9.412 -9.805 -8.925 235 150 70
-9.922 -9.473 -8.925 235 150 70
-10.505 -9.296 -8.925 235 150 70
-11.137 -9.280 -8.925 235 150 70
-11.795 -9.426 -8.925 235 150 70
-12.453 -9.729 -8.925 235 150 70
-13.086 -10.177 -8.925 235 150 70
-13.670 -10.752 -8.925 235 150 70
-14.181 -11.433 -8.925 235 150 70
-14.601 -12.194 -8.925 235 150 70
-14.914 -13.004 -8.925 235 150 70
-15.107 -13.834 -8.925 235 150 70
-15.172 -14.651 -8.925 235 150 70
-15.109 -15.424 -8.925 235 150 70
-14.918 -16.123 -8.925 235 150 70
-14.607 -16.721 -8.925 235 150 70
-14.188 -17.195 -8.925 235 150 70
-13.678 -17.527 -8.925 235 150 70
-13.095 -17.704 -8.925 235 150 70
-12.463 -17.720 -8.925 235 150 70
-11.805 -17.574 -8.925 235 150 70
-11.147 -17.271 -8.925 235 150 70
-10.514 -16.823 -8.925 235 150 70
-9.930 -16.248 -8.925 235 150 70
-9.419 -15.567 -8.925 235 150 70
-8.999 -14.806 -8.925 235 150 70
-9.121 -14.749 -9.272 235 150 70
-8.822 -13.974 -9.272 235 150 70
-8.637 -13.180 -9.272 235 150 70
-8.574 -12.399 -9.272 235 150 70
-8.635 -11.660 -9.272 235 150 70
-8.818 -10.992 -9.272 235 150 70
-9.115 -10.420 -9.272 235 150 70
-9.516 -9.966 -9.272 235 150 70
-10.004 -9.648 -9.272 235 150 70
-10.561 -9.479 -9.272 235 150 70
-11.166 -9.463 -9.272 235 150 70
-11.795 -9.603 -9.272 235 150 70
-12.425 -9.893 -9.272 235 150 70
-13.030 -10.321 -9.272 235 150 70
-13.588 -10.872 -9.272 235 150 70
-14.078 -11.523 -9.272 235 150 70
-14.479 -12.251 -9.272 235 150 70
-14.778 -13.026 -9.272 235 150 70
-14.963 -13.820 -9.272 235 150 70
-15.026 -14.601 -9.272 235 150 70
-14.965 -15.340 -9.272 235 150 70
-14.782 -16.008 -9.272 235 150 70
-14.485 -16.580 -9.272 235 150 70
-14.084 -17.034 -9.272 235 150 70
-13.596 -17.352 -9.272 235 150 70
-13.039 -17.521 -9.272 235 150 70
-12.434 -17.537 -9.272 235 150 70
-11.805 -17.397 -9.272 235 150 70
-11.175 -17.107 -9.272 235 150 70
-10.570 -16.679 -9.272 235 150 70
-10.012 -16.128 -9.272 235 150 70
-9.522 -15.477 -9.272 235 150 70
-9.121 -14.749 -9.272 235 150 70
-9.288 -14.671 -9.600 235 150 70
-9.008 -13.944 -9.600 235 150 70
-8.835 -13.200 -9.600 235 150 70
-8.776 -12.468 -9.600 235 150 70
-8.834 -11.775 -9.600 235 150 70
-9.005 -11.149 -9.600 235 150 70
-9.283 -10.613 -9.600 235 150 70
-9.659 -10.187 -9.600 235 150 70
-10.116 -9.890 -9.600 235 150 70
-10.639 -9.730 -9.600 235 150 70
-11.206 -9.716 -9.600 235 150 70
-11.796 -9.847 -9.600 235 150 70
-12.386 -10.119 -9.600 235 150 70
-12.953 -10.520 -9.600 235 150 70
-13.476 -11.036 -9.600 235 150 70
-13.935 -11.647 -9.600 235 150 70
-14.312 -12.329 -9.600 235 150 70
-14.592 -13.056 -9.600 235 150 70
-14.765 -13.800 -9.600 235 150 70
-14.824 -14.532 -9.600 235 150 70
-14.766 -15.225 -9.600 235 150 70
-14.595 -15.851 -9.600 235 150 70
-14.317 -16.387 -9.600 235 150 70
-13.941 -16.813 -9.600 235 150 70
-13.484 -17.110 -9.600 235 150 70
-12.961 -17.270 -9.600 235 150 70
-12.394 -17.284 -9.600 235 150 70
-11.804 -17.153 -9.600 235 150 70
-11.214 -16.881 -9.600 235 150 70
-10.647 -16.480 -9.600 235 150 70
-10.124 -15.964 -9.600 235 150 70
-9.665 -15.353 -9.600 235 150 70
-9.288 -14.671 -9.600 235 150 70
-9.499 -14.573 -9.905 235 150 70
-9.242 -13.907 -9.905 235 150 70
-9.084 -13.226 -9.905 235 150 70
-9.030 -12.555 -9.905 235 150 70
-9.082 -11.920 -9.905 235 150 70
-9.239 -11.346 -9.905 235 150 70
-9.495 -10.855 -9.905 235 150 70
-9.838 -10.465 -9.905 235 150 70
-10.258 -10.192 -9.905 235 150 70
-10.736 -10.047 -9.905 235 150 70
-11.256 -10.034 -9.905 235 150 70
-11.796 -10.154 -9.905 235 150 70
-12.336 -10.403 -9.905 235 150 70
-12.856 -10.770 -9.905 235 150 70
-13.336 -11.243 -9.905 235 150 70
-13.756 -11.802 -9.905 235 150 70
-14.101 -12.427 -9.905 235 150 70
-14.358 -13.093 -9.905 235 150 70
-14.516 -13.774 -9.905 235 150 70
-14.570 -14.445 -9.905 235 150 70
-14.518 -15.080 -9.905 235 150 70
-14.361 -15.654 -9.905 235 150 70
-14.105 -16.145 -9.905 235 150 70
-13.762 -16.535 -9.905 235 150 70
-13.342 -16.808 -9.905 235 150 70
-12.864 -16.953 -9.905 235 150 70
-12.344 -16.966 -9.905 235 150 70
-11.804 -16.846 -9.905 235 150 70
-11.264 -16.597 -9.905 235 150 70
-10.744 -16.230 -9.905 235 150 70
-10.264 -15.757 -9.905 235 150 70
-9.844 -15.198 -9.905 235 150 70
-9.499 -14.573 -9.905 235 150 70
-9.749 -14.456 -10.180 235 150 70
-9.520 -13.863 -10.180 235 150 70
-9.379 -13.255 -10.180 235 150 70
-9.331 -12.657 -10.180 235 150 70
-9.378 -12.092 -10.180 235 150 70
-9.518 -11.580 -10.180 235 150 70
-9.745 -11.142 -10.180 235 150 70
-10.052 -10.795 -10.180 235 150 70
-10.425 -10.552 -10.180 235 150 70
-10.852 -10.422 -10.180 235 150 70
-11.315 -10.411 -10.180 235 150 70
-11.796 -10.518 -10.180 235 150 70
-12.278 -10.739 -10.180 235 150 70
-12.741 -11.067 -10.180 235 150 70
-13.169 -11.488 -10.180 235 150 70
-13.543 -11.987 -10.180 235 150 70
-13.851 -12.544 -10.180 235 150 70
-14.080 -13.137 -10.180 235 150 70
-14.221 -13.745 -10.180 235 150 70
-14.269 -14.343 -10.180 235 150 70
-14.222 -14.908 -10.180 235 150 70
-14.082 -15.420 -10.180 235 150 70
-13.855 -15.858 -10.180 235 150 70
-13.548 -16.205 -10.180 235 150 70
-13.175 -16.448 -10.180 235 150 70
-12.748 -16.578 -10.180 235 150 70
-12.285 -16.589 -10.180 235 150 70
-11.804 -16.482 -10.180 235 150 70
-11.322 -16.261 -10.180 235 150 70
-10.859 -15.933 -10.180 235 150 70
-10.431 -15.512 -10.180 235 150 70
-10.057 -15.013 -10.180 235 150 70
-9.749 -14.456 -10.180 235 150 70
-10.034 -14.323 -10.421 235 150 70
-9.838 -13.812 -10.421 235 150 70
-9.716 -13.289 -10.421 235 150 70
-9.675 -12.775 -10.421 235 150 70
-9.715 -12.288 -10.421 235 150 70
-9.835 -11.847 -10.421 235 150 70
-10.031 -11.470 -10.421 235 150 70
-10.295 -11.171 -10.421 235 150 70
-10.617 -10.962 -10.421 235 150 70
-10.984 -10.850 -10.421 235 150 70
-11.382 -10.840 -10.421 235 150 70
-11.797 -10.932 -10.421 235 150 70
-12.212 -11.123 -10.421 235 150 70
-12.610 -11.405 -10.421 235 150 70
-12.978 -11.768 -10.421 235 150 70
-13.301 -12.197 -10.421 235 150 70
-13.566 -12.677 -10.421 235 150 70
-13.762 -13.188 -10.421 235 150 70
-13.884 -13.711 -10.421 235 150 70
-13.925 -14.225 -10.421 235 150 70
-13.885 -14.712 -10.421 235 150 70
-13.765 -15.153 -10.421 235 150 70
-13.569 -15.530 -10.421 235 150 70
-13.305 -15.829 -10.421 235 150 70
-12.983 -16.038 -10.421 235 150 70
-12.616 -16.150 -10.421 235 150 70
-12.218 -16.160 -10.421 235 150 70
-11.803 -16.068 -10.421 235 150 70
-11.388 -15.877 -10.421 235 150 70
-10.990 -15.595 -10.421 235 150 70
-10.622 -15.232 -10.421 235 150 70
-10.299 -14.803 -10.421 235 150 70
-10.034 -14.323 -10.421 235 150 70
-10.350 -14.176 -10.625 235 150 70
-10.188 -13.757 -10.625 235 150 70
-10.088 -13.327 -10.625 235 150 70
-10.054 -12.904 -10.625 235 150 70
-10.087 -12.504 -10.625 235 150 70
-10.186 -12.142 -10.625 235 150 70
-10.347 -11.833 -10.625 235 150 70
-10.564 -11.587 -10.625 235 150 70
-10.828 -11.415 -10.625 235 150 70
-11.130 -11.324 -10.625 235 150 70
-11.457 -11.315 -10.625 235 150 70
-11.797 -11.391 -10.625 235 150 70
-12.138 -11.548 -10.625 235 150 70
-12.466 -11.780 -10.625 235 150 70
-12.768 -12.078 -10.625 235 150 70
-13.033 -12.430 -10.625 235 150 70
-13.250 -12.824 -10.625 235 150 70
-13.412 -13.243 -10.625 235 150 70
-13.512 -13.673 -10.625 235 150 70
-13.546 -14.096 -10.625 235 150 70
-13.513 -14.496 -10.625 235 150 70
-13.414 -14.858 -10.625 235 150 70
-13.253 -15.167 -10.625 235 150 70
-13.036 -15.413 -10.625 235 150 70
-12.772 -15.585 -10.625 235 150 70
-12.470 -15.676 -10.625 235 150 70
-12.143 -15.685 -10.625 235 150 70
-11.803 -15.609 -10.625 235 150 70
-11.462 -15.452 -10.625 235 150 70
-11.134 -15.220 -10.625 235 150 70
-10.832 -14.922 -10.625 235 150 70
-10.567 -14.570 -10.625 235 150 70
-10.350 -14.176 -10.625 235 150 70
-10.690 -14.018 -10.787 235 150 70
-10.566 -13.696 -10.787 235 150 70
-10.490 -13.368 -10.787 235 150 70
-10.464 -13.044 -10.787 235 150 70
-10.489 -12.738 -10.787 235 150 70
-10.565 -12.461 -10.787 235 150 70
-10.688 -12.224 -10.787 235 150 70
-10.854 -12.036 -10.787 235 150 70
-11.056 -11.905 -10.787 235 150 70
-11.287 -11.834 -10.787 235 150 70
-11.537 -11.828 -10.787 235 150 70
-11.798 -11.886 -10.787 235 150 70
-12.059 -12.006 -10.787 235 150 70
-12.309 -12.183 -10.787 235 150 70
-12.541 -12.411 -10.787 235 150 70
-12.743 -12.681 -10.787 235 150 70
-12.910 -12.982 -10.787 235 150 70
-13.034 -13.304 -10.787 235 150 70
-13.110 -13.632 -10.787 235 150 70
-13.136 -13.956 -10.787 235 150 70
-13.111 -14.262 -10.787 235 150 70
-13.035 -14.539 -10.787 235 150 70
-12.912 -14.776 -10.787 235 150 70
-12.746 -14.964 -10.787 235 150 70
-12.544 -15.095 -10.787 235 150 70
-12.313 -15.166 -10.787 235 150 70
-12.063 -15.172 -10.787 235 150 70
-11.802 -15.114 -10.787 235 150 70
-11.541 -14.994 -10.787 235 150 70
-11.291 -14.817 -10.787 235 150 70
-11.059 -14.589 -10.787 235 150 70
-10.857 -14.319 -10.787 235 150 70
-10.690 -14.018 -10.787 235 150 70
-11.049 -13.850 -10.905 235 150 70
-10.966 -13.633 -10.905 235 150 70
-10.914 -13.410 -10.905 235 150 70
-10.896 -13.192 -10.905 235 150 70
-10.913 -12.985 -10.905 235 150 70
-10.965 -12.797 -10.905 235 150 70
-11.048 -12.637 -10.905 235 150 70
-11.160 -12.510 -10.905 235 150 70
-11.297 -12.421 -10.905 235 150 70
-11.453 -12.373 -10.905 235 150 70
-11.622 -12.369 -10.905 235 150 70
-11.799 -12.408 -10.905 235 150 70
-11.975 -12.490 -10.905 235 150 70
-12.145 -12.609 -10.905 235 150 70
-12.301 -12.764 -10.905 235 150 70
-12.438 -12.946 -10.905 235 150 70
-12.551 -13.150 -10.905 235 150 70
-12.634 -13.367 -10.905 235 150 70
-12.686 -13.590 -10.905 235 150 70
-12.704 -13.808 -10.905 235 150 70
-12.687 -14.015 -10.905 235 150 70
-12.635 -14.203 -10.905 235 150 70
-12.552 -14.363 -10.905 235 150 70
-12.440 -14.490 -10.905 235 150 70
-12.303 -14.579 -10.905 235 150 70
-12.147 -14.627 -10.905 235 150 70
-11.978 -14.631 -10.905 235 150 70
-11.801 -14.592 -10.905 235 150 70
-11.625 -14.510 -10.905 235 150 70
-11.455 -14.391 -10.905 235 150 70
-11.299 -14.236 -10.905 235 150 70
-11.162 -14.054 -10.905 235 150 70
-11.049 -13.850 -10.905 235 150 70
-11.421 -13.677 -10.976 235 150 70
-11.379 -13.567 -10.976 235 150 70
-11.353 -13.455 -10.976 235 150 70
-11.344 -13.344 -10.976 235 150 70
-11.353 -13.240 -10.976 235 150 70
-11.379 -13.146 -10.976 235 150 70
-11.421 -13.065 -10.976 235 150 70
-11.477 -13.001 -10.976 235 150 70
-11.546 -12.956 -10.976 235 150 70
-11.625 -12.932 -10.976 235 150 70
-11.710 -12.930 -10.976 235 150 70
-11.799 -12.949 -10.976 235 150 70
-11.888 -12.990 -10.976 235 150 70
-11.974 -13.051 -10.976 235 150 70
-12.053 -13.129 -10.976 235 150 70
-12.122 -13.221 -10.976 235 150 70
-12.179 -13.323 -10.976 235 150 70
-12.221 -13.433 -10.976 235 150 70
-12.247 -13.545 -10.976 235 150 70
-12.256 -13.656 -10.976 235 150 70
-12.247 -13.760 -10.976 235 150 70
-12.221 -13.854 -10.976 235 150 70
-12.179 -13.935 -10.976 235 150 70
-12.123 -13.999 -10.976 235 150 70
-12.054 -14.044 -10.976 235 150 70
-11.975 -14.068 -10.976 235 150 70
-11.890 -14.070 -10.976 235 150 70
-11.801 -14.051 -10.976 235 150 70
-11.712 -14.010 -10.976 235 150 70
-11.626 -13.949 -10.976 235 150 70
-11.547 -13.871 -10.976 235 150 70
-11.478 -13.779 -10.976 235 150 70
-11.421 -13.677 -10.976 235 150 70
-11.800 -13.500 -11.000 235 150 70
-11.800 -13.500 -11.000 235 150 70
-11.800 -13.500 -11.000 235 150 70
-11.800 -13.500 -11.000 235 150 70
-11.800 -13.500 -11.000 235 150 70
-11.800 -13.500 -11.000 235 150 70
-11.800 -13.500 -11.000 235 150 70
-11.800 -13.500 -11.000 235 150 70
-11.800 -13.500 -11.000 235 150 70
-11.800 -13.500 -11.000 235 150 70
-11.800 -13.500 -11.000 235 150 70
-11.800 -13.500 -11.000 235 150 70
-11.800 -13.500 -11.000 235 150 70
-11.800 -13.500 -11.000 235 150 70
-11.800 -13.500 -11.000 235 150 70
-11.800 -13.500 -11.000 235 150 70
-11.800 -13.500 -11.000 235 150 70
-11.800 -13.500 -11.000 235 150 70
-11.800 -13.500 -11.000 235 150 70
-11.800 -13.500 -11.000 235 150 70
-11.800 -13.500 -11.000 235 150 70
-11.800 -13.500 -11.000 235 150 70
-11.800 -13.500 -11.000 235 150 70
-11.800 -13.500 -11.000 235 150 70
-11.800 -13.500 -11.000 235 150 70
-11.800 -13.500 -11.000 235 150 70
-11.800 -13.500 -11.000 235 150 70
-11.800 -13.500 -11.000 235 150 70
-11.800 -13.500 -11.000 235 150 70
-11.800 -13.500 -11.000 235 150 70
-11.800 -13.500 -11.000 235 150 70
-11.800 -13.500 -11.000 235 150 70
-11.800 -13.500 -11.000 235 150 70
3 0 33 1
3 1 33 34
3 1 34 2
3 2 34 35
3 2 35 3
3 3 35 36
3 3 36 4
3 4 36 37
3 4 37 5
3 5 37 38
3 5 38 6
3 6 38 39
3 6 39 7
3 7 39 40
3 7 40 8
3 8 40 41
3 8 41 9
3 9 41 42
3 9 42 10
3 10 42 43
3 10 43 11
3 11 43 44
3 11 44 12
3 12 44 45
3 12 45 13
3 13 45 46
3 13 46 14
3 14 46 47
3 14 47 15
3 15 47 48
3 15 48 16
3 16 48 49
3 16 49 17
3 17 49 50
3 17 50 18
3 18 50 51
3 18 51 19
3 19 51 52
3 19 52 20
3 20 52 53
3 20 53 21
3 21 53 54
3 21 54 22
3 22 54 55
3 22 55 23
3 23 55 56
3 23 56 24
3 24 56 57
3 24 57 25
3 25 57 58
3 25 58 26
3 26 58 59
3 26 59 27
3 27 59 60
3 27 60 28
3 28 60 61
3 28 61 29
3 29 61 62
3 29 62 30
3 30 62 63
3 30 63 31
3 31 63 64
3 31 64 32
3 32 64 65
3 33 66 34
3 34 66 67
3 34 67 35
3 35 67 68
3 35 68 36
3 36 68 69
3 36 69 37
3 37 69 70
3 37 70 38
3 38 70 71
3 38 71 39
3 39 71 72
3 39 72 40
3 40 72 73
3 40 73 41
3 41 73 74
3 41 74 42
3 42 74 75
3 42 75 43
3 43 75 76
3 43 76 44
3 44 76 77
3 44 77 45
3 45 77 78
3 45 78 46
3 46 78 79
3 46 79 47
3 47 79 80
3 47 80 48
3 48 80 81
3 48 81 49
3 49 81 82
3 49 82 50
3 50 82 83
3 50 83 51
3 51 83 84
3 51 84 52
3 52 84 85
3 52 85 53
3 53 85 86
3 53 86 54
3 54 86 87
3 54 87 55
3 55 87 88
3 55 88 56
3 56 88 89
3 56 89 57
3 57 89 90
3 57 90 58
3 58 90 91
3 58 91 59
3 59 91 92
3 59 92 60
3 60 92 93
3 60 93 61
3 61 93 94
3 61 94 62
3 62 94 95
3 62 95 63
3 63 95 96
3 63 96 64
3 64 96 97
3 64 97 65
3 65 97 98
3 66 99 67
3 67 99 100
3 67 100 68
3 68 100 101
3 68 101 69
3 69 101 102
3 69 102 70
3 70 102 103
3 70 103 71
3 71 103 104
3 71 104 72
3 72 104 105
3 72 105 73
3 73 105 106
3 73 106 74
3 74 106 107
3 74 107 75
3 75 107 108
3 75 108 76
3 76 108 109
3 76 109 77
3 77 109 110
3 77 110 78
3 78 110 111
3 78 111 79
3 79 111 112
3 79 112 80
3 80 112 113
3 80 113 81
3 81 113 114
3 81 114 82
3 82 114 115
3 82 115 83
3 83 115 116
3 83 116 84
3 84 116 117
3 84 117 85
3 85 117 118
3 85 118 86
3 86 118 119
3 86 119 87
3 87 119 120
3 87 120 88
3 88 120 121
3 88 121 89
3 89 121 122
3 89 122 90
3 90 122 123
3 90 123 91
3 91 123 124
3 91 124 92
3 92 124 125
3 92 125 93
3 93 125 126
3 93 126 94
3 94 126 127
3 94 127 95
3 95 127 128
3 95 128 96
3 96 128 129
3 96 129 97
3 97 129 130
3 97 130 98
3 98 130 131
3 99 132 100
3 100 132 133
3 100 133 101
3 101 133 134
3 101 134 102
3 102 134 135
3 102 135 103
3 103 135 136
3 103 136 104
3 104 136 137
3 104 137 105
3 105 137 138
3 105 138 106
3 106 138 139
3 106 139 107
3 107 139 140
3 107 140 108
3 108 140 141
3 108 141 109
3 109 141 142
3 109 142 110
3 110 142 143
3 110 143 111
3 111 143 144
3 111 144 112
3 112 144 145
3 112 145 113
3 113 145 146
3 113 146 114
3 114 146 147
3 114 147 115
3 115 147 148
3 115 148 116
3 116 148 149
3 116 149 117
3 117 149 150
3 117 150 118
3 118 150 151
3 118 151 119
3 119 151 152
3 119 152 120
3 120 152 153
3 120 153 121
3 121 153 154
3 121 154 122
3 122 154 155
3 122 155 123
3 123 155 156
3 123 156 124
3 124 156 157
3 124 157 125
3 125 157 158
3 125 158 126
3 126 158 159
3 126 159 127
3 127 159 160
3 127 160 128
3 128 160 161
3 128 161 129
3 129 161 162
3 129 162 130
3 130 162 163
3 130 163 131
3 131 163 164
3 132 165 133
3 133 165 166
3 133 166 134
3 134 166 167
3 134 167 135
3 135 167 168
3 135 168 136
3 136 168 169
3 136 169 137
3 137 169 170
3 137 170 138
3 138 170 171
3 138 171 139
3 139 171 172
3 139 172 140
3 140 172 173
3 140 173 141
3 141 173 174
3 141 174 142
3 142 174 175
3 142 175 143
3 143 175 176
3 143 176 144
3 144 176 177
3 144 177 145
3 145 177 178
3 145 178 146
3 146 178 179
3 146 179 147
3 147 179 180
3 147 180 148
3 148 180 181
3 148 181 149
3 149 181 182
3 149 182 150
3 150 182 183
3 150 183 151
3 151 183 184
3 151 184 152
3 152 184 185
3 152 185 153
3 153 185 186
3 153 186 154
3 154 186 187
3 154 187 155
3 155 187 188
3 155 188 156
3 156 188 189
3 156 189 157
3 157 189 190
3 157 190 158
3 158 190 191
3 158 191 159
3 159 191 192
3 159 192 160
3 160 192 193
3 160 193 161
3 161 193 194
3 161 194 162
3 162 194 195
3 162 195 163
3 163 195 196
3 163 196 164
3 164 196 197
3 165 198 166
3 166 198 199
3 166 199 167
3 167 199 200
3 167 200 168
3 168 200 201
3 168 201 169
3 169 201 202
3 169 202 170
3 170 202 203
3 170 203 171
3 171 203 204
3 171 204 172
3 172 204 205
3 172 205 173
3 173 205 206
3 173 206 174
3 174 206 207
3 174 207 175
3 175 207 208
3 175 208 176
3 176 208 209
3 176 209 177
3 177 209 210
3 177 210 178
3 178 210 211
3 178 211 179
3 179 211 212
3 179 212 180
3 180 212 213
3 180 213 181
3 181 213 214
3 181 214 182
3 182 214 215
3 182 215 183
3 183 215 216
3 183 216 184
3 184 216 217
3 184 217 185
3 185 217 218
3 185 218 186
3 186 218 219
3 186 219 187
3 187 219 220
3 187 220 188
3 188 220 221
3 188 221 189
3 189 221 222
3 189 222 190
3 190 222 223
3 190 223 191
3 191 223 224
3 191 224 192
3 192 224 225
3 192 225 193
3 193 225 226
3 193 226 194
3 194 226 227
3 194 227 195
3 195 227 228
3 195 228 196
3 196 228 229
3 196 229 197
3 197 229 230
3 198 231 199
3 199 231 232
3 199 232 200
3 200 232 233
3 200 233 201
3 201 233 234
3 201 234 202
3 202 234 235
3 202 235 203
3 203 235 236
3 203 236 204
3 204 236 237
3 204 237 205
3 205 237 238
3 205 238 206
3 206 238 239
3 206 239 207
3 207 239 240
3 207 240 208
3 208 240 241
3 208 241 209
3 209 241 242
3 209 242 210
3 210 242 243
3 210 243 211
3 211 243 244
3 211 244 212
3 212 244 245
3 212 245 213
3 213 245 246
3 213 246 214
3 214 246 247
3 214 247 215
3 215 247 248
3 215 248 216
3 216 248 249
3 216 249 217
3 217 249 250
3 217 250 218
3 218 250 251
3 218 251 219
3 219 251 252
3 219 252 220
3 220 252 253
3 220 253 221
3 221 253 254
3 221 254 222
3 222 254 255
3 222 255 223
3 223 255 256
3 223 256 224
3 224 256 257
3 224 257 225
3 225 257 258
3 225 258 226
3 226 258 259
3 226 259 227
3 227 259 260
3 227 260 228
3 228 260 261
3 228 261 229
3 229 261 262
3 229 262 230
3 230 262 263
3 231 264 232
3 232 264 265
3 232 265 233
3 233 265 266
3 233 266 234
3 234 266 267
3 234 267 235
3 235 267 268
3 235 268 236
3 236 268 269
3 236 269 237
3 237 269 270
3 237 270 238
3 238 270 271
3 238 271 239
3 239 271 272
3 239 272 240
3 240 272 273
3 240 273 241
3 241 273 274
3 241 274 242
3 242 274 275
3 242 275 243
3 243 275 276
3 243 276 244
3 244 276 277
3 244 277 245
3 245 277 278
3 245 278 246
3 246 278 279
3 246 279 247
3 247 279 280
3 247 280 248
3 248 280 281
3 248 281 249
3 249 281 282
3 249 282 250
3 250 282 283
3 250 283 251
3 251 283 284
3 251 284 252
3 252 284 285
3 252 285 253
3 253 285 286
3 253 286 254
3 254 286 287
3 254 287 255
3 255 287 288
3 255 288 256
3 256 288 289
3 256 289 257
3 257 289 290
3 257 290 258
3 258 290 291
3 258 291 259
3 259 291 292
3 259 292 260
3 260 292 293
3 260 293 261
3 261 293 294
3 261 294 262
3 262 294 295
3 262 295 263
3 263 295 296
3 264 297 265
3 265 297 298
3 265 298 266
3 266 298 299
3 266 299 267
3 267 299 300
3 267 300 268
3 268 300 301
3 268 301 269
3 269 301 302
3 269 302 270
3 270 302 303
3 270 303 271
3 271 303 304
3 271 304 272
3 272 304 305
3 272 305 273
3 273 305 306
3 273 306 274
3 274 306 307
3 274 307 275
3 275 307 308
3 275 308 276
3 276 308 309
3 276 309 277
3 277 309 310
3 277 310 278
3 278 310 311
3 278 311 279
3 279 311 312
3 279 312 280
3 280 312 313
3 280 313 281
3 281 313 314
3 281 314 282
3 282 314 315
3 282 315 283
3 283 315 316
3 283 316 284
3 284 316 317
3 284 317 285
3 285 317 318
3 285 318 286
3 286 318 319
3 286 319 287
3 287 319 320
3 287 320 288
3 288 320 321
3 288 321 289
3 289 321 322
3 289 322 290
3 290 322 323
3 290 323 291
3 291 323 324
3 291 324 292
3 292 324 325
3 292 325 293
3 293 325 326
3 293 326 294
3 294 326 327
3 294 327 295
3 295 327 328
3 295 328 296
3 296 328 329
3 297 330 298
3 298 330 331
3 298 331 299
3 299 331 332
3 299 332 300
3 300 332 333
3 300 333 301
3 301 333 334
3 301 334 302
3 302 334 335
3 302 335 303
3 303 335 336
3 303 336 304
3 304 336 337
3 304 337 305
3 305 337 338
3 305 338 306
3 306 338 339
3 306 339 307
3 307 339 340
3 307 340 308
3 308 340 341
3 308 341 309
3 309 341 342
3 309 342 310
3 310 342 343
3 310 343 311
3 311 343 344
3 311 344 312
3 312 344 345
3 312 345 313
3 313 345 346
3 313 346 314
3 314 346 347
3 314 347 315
3 315 347 348
3 315 348 316
3 316 348 349
3 316 349 317
3 317 349 350
3 317 350 318
3 318 350 351
3 318 351 319
3 319 351 352
3 319 352 320
3 320 352 353
3 320 353 321
3 321 353 354
3 321 354 322
3 322 354 355
3 322 355 323
3 323 355 356
3 323 356 324
3 324 356 357
3 324 357 325
3 325 357 358
3 325 358 326
3 326 358 359
3 326 359 327
3 327 359 360
3 327 360 328
3 328 360 361
3 328 361 329
3 329 361 362
3 330 363 331
3 331 363 364
3 331 364 332
3 332 364 365
3 332 365 333
3 333 365 366
3 333 366 334
3 334 366 367
3 334 367 335
3 335 367 368
3 335 368 336
3 336 368 369
3 336 369 337
3 337 369 370
3 337 370 338
3 338 370 371
3 338 371 339
3 339 371 372
3 339 372 340
3 340 372 373
3 340 373 341
3 341 373 374
3 341 374 342
3 342 374 375
3 342 375 343
3 343 375 376
3 343 376 344
3 344 376 377
3 344 377 345
3 345 377 378
3 345 378 346
3 346 378 379
3 346 379 347
3 347 379 380
3 347 380 348
3 348 380 381
3 348 381 349
3 349 381 382
3 349 382 350
3 350 382 383
3 350 383 351
3 351 383 384
3 351 384 352
3 352 384 385
3 352 385 353
3 353 385 386
3 353 386 354
3 354 386 387
3 354 387 355
3 355 387 388
3 355 388 356
3 356 388 389
3 356 389 357
3 357 389 390
3 357 390 358
3 358 390 391
3 358 391 359
3 359 391 392
3 359 392 360
3 360 392 393
3 360 393 361
3 361 393 394
3 361 394 362
3 362 394 395
3 363 396 364
3 364 396 397
3 364 397 365
3 365 397 398
3 365 398 366
3 366 398 399
3 366 399 367
3 367 399 400
3 367 400 368
3 368 400 401
3 368 401 369
3 369 401 402
3 369 402 370
3 370 402 403
3 370 403 371
3 371 403 404
3 371 404 372
3 372 404 405
3 372 405 373
3 373 405 406
3 373 406 374
3 374 406 407
3 374 407 375
3 375 407 408
3 375 408 376
3 376 408 409
3 376 409 377
3 377 409 410
3 377 410 378
3 378 410 411
3 378 411 379
3 379 411 412
3 379 412 380
3 380 412 413
3 380 413 381
3 381 413 414
3 381 414 382
3 382 414 415
3 382 415 383
3 383 415 416
3 383 416 384
3 384 416 417
3 384 417 385
3 385 417 418
3 385 418 386
3 386 418 419
3 386 419 387
3 387 419 420
3 387 420 388
3 388 420 421
3 388 421 389
3 389 421 422
3 389 422 390
3 390 422 423
3 390 423 391
3 391 423 424
3 391 424 392
3 392 424 425
3 392 425 393
3 393 425 426
3 393 426 394
3 394 426 427
3 394 427 395
3 395 427 428
3 396 429 397
3 397 429 430
3 397 430 398
3 398 430 431
3 398 431 399
3 399 431 432
3 399 432 400
3 400 432 433
3 400 433 401
3 401 433 434
3 401 434 402
3 402 434 435
3 402 435 403
3 403 435 436
3 403 436 404
3 404 436 437
3 404 437 405
3 405 437 438
3 405 438 406
3 406 438 439
3 406 439 407
3 407 439 440
3 407 440 408
3 408 440 441
3 408 441 409
3 409 441 442
3 409 442 410
3 410 442 443
3 410 443 411
3 411 443 444
3 411 444 412
3 412 444 445
3 412 445 413
3 413 445 446
3 413 446 414
3 414 446 447
3 414 447 415
3 415 447 448
3 415 448 416
3 416 448 449
3 416 449 417
3 417 449 450
3 417 450 418
3 418 450 451
3 418 451 419
3 419 451 452
3 419 452 420
3 420 452 453
3 420 453 421
3 421 453 454
3 421 454 422
3 422 454 455
3 422 455 423
3 423 455 456
3 423 456 424
3 424 456 457
3 424 457 425
3 425 457 458
3 425 458 426
3 426 458 459
3 426 459 427
3 427 459 460
3 427 460 428
3 428 460 461
3 429 462 430
3 430 462 463
3 430 463 431
3 431 463 464
3 431 464 432
3 432 464 465
3 432 465 433
3 433 465 466
3 433 466 434
3 434 466 467
3 434 467 435
3 435 467 468
3 435 468 436
3 436 468 469
3 436 469 437
3 437 469 470
3 437 470 438
3 438 470 471
3 438 471 439
3 439 471 472
3 439 472 440
3 440 472 473
3 440 473 441
3 441 473 474
3 441 474 442
3 442 474 475
3 442 475 443
3 443 475 476
3 443 476 444
3 444 476 477
3 444 477 445
3 445 477 478
3 445 478 446
3 446 478 479
3 446 479 447
3 447 479 480
3 447 480 448
3 448 480 481
3 448 481 449
3 449 481 482
3 449 482 450
3 450 482 483
3 450 483 451
3 451 483 484
3 451 484 452
3 452 484 485
3 452 485 453
3 453 485 486
3 453 486 454
3 454 486 487
3 454 487 455
3 455 487 488
3 455 488 456
3 456 488 489
3 456 489 457
3 457 489 490
3 457 490 458
3 458 490 491
3 458 491 459
3 459 491 492
3 459 492 460
3 460 492 493
3 460 493 461
3 461 493 494
3 462 495 463
3 463 495 496
3 463 496 464
3 464 496 497
3 464 497 465
3 465 497 498
3 465 498 466
3 466 498 499
3 466 499 467
3 467 499 500
3 467 500 468
3 468 500 501
3 468 501 469
3 469 501 502
3 469 502 470
3 470 502 503
3 470 503 471
3 471 503 504
3 471 504 472
3 472 504 505
3 472 505 473
3 473 505 506
3 473 506 474
3 474 506 507
3 474 507 475
3 475 507 508
3 475 508 476
3 476 508 509
3 476 509 477
3 477 509 510
3 477 510 478
3 478 510 511
3 478 511 479
3 479 511 512
3 479 512 480
3 480 512 513
3 480 513 481
3 481 513 514
3 481 514 482
3 482 514 515
3 482 515 483
3 483 515 516
3 483 516 484
3 484 516 517
3 484 517 485
3 485 517 518
3 485 518 486
3 486 518 519
3 486 519 487
3 487 519 520
3 487 520 488
3 488 520 521
3 488 521 489
3 489 521 522
3 489 522 490
3 490 522 523
3 490 523 491
3 491 523 524
3 491 524 492
3 492 524 525
3 492 525 493
3 493 525 526
3 493 526 494
3 494 526 527
3 495 528 496
3 496 528 529
3 496 529 497
3 497 529 530
3 497 530 498
3 498 530 531
3 498 531 499
3 499 531 532
3 499 532 500
3 500 532 533
3 500 533 501
3 501 533 534
3 501 534 502
3 502 534 535
3 502 535 503
3 503 535 536
3 503 536 504
3 504 536 537
3 504 537 505
3 505 537 538
3 505 538 506
3 506 538 539
3 506 539 507
3 507 539 540
3 507 540 508
3 508 540 541
3 508 541 509
3 509 541 542
3 509 542 510
3 510 542 543
3 510 543 511
3 511 543 544
3 511 544 512
3 512 544 545
3 512 545 513
3 513 545 546
3 513 546 514
3 514 546 547
3 514 547 515
3 515 547 548
3 515 548 516
3 516 548 549
3 516 549 517
3 517 549 550
3 517 550 518
3 518 550 551
3 518 551 519
3 519 551 552
3 519 552 520
3 520 552 553
3 520 553 521
3 521 553 554
3 521 554 522
3 522 554 555
3 522 555 523
3 523 555 556
3 523 556 524
3 524 556 557
3 524 557 525
3 525 557 558
3 525 558 526
3 526 558 559
3 526 559 527
3 527 559 560
3 528 561 529
3 529 561 562
3 529 562 530
3 530 562 563
3 530 563 531
3 531 563 564
3 531 564 532
3 532 564 565
3 532 565 533
3 533 565 566
3 533 566 534
3 534 566 567
3 534 567 535
3 535 567 568
3 535 568 536
3 536 568 569
3 536 569 537
3 537 569 570
3 537 570 538
3 538 570 571
3 538 571 539
3 539 571 572
3 539 572 540
3 540 572 573
3 540 573 541
3 541 573 574
3 541 574 542
3 542 574 575
3 542 575 543
3 543 575 576
3 543 576 544
3 544 576 577
3 544 577 545
3 545 577 578
3 545 578 546
3 546 578 579
3 546 579 547
3 547 579 580
3 547 580 548
3 548 580 581
3 548 581 549
3 549 581 582
3 549 582 550
3 550 582 583
3 550 583 551
3 551 583 584
3 551 584 552
3 552 584 585
3 552 585 553
3 553 585 586
3 553 586 554
3 554 586 587
3 554 587 555
3 555 587 588
3 555 588 556
3 556 588 589
3 556 589 557
3 557 589 590
3 557 590 558
3 558 590 591
3 558 591 559
3 559 591 592
3 559 592 560
3 560 592 593
3 561 594 562
3 562 594 595
3 562 595 563
3 563 595 596
3 563 596 564
3 564 596 597
3 564 597 565
3 565 597 598
3 565 598 566
3 566 598 599
3 566 599 567
3 567 599 600
3 567 600 568
3 568 600 601
3 568 601 569
3 569 601 602
3 569 602 570
3 570 602 603
3 570 603 571
3 571 603 604
3 571 604 572
3 572 604 605
3 572 605 573
3 573 605 606
3 573 606 574
3 574 606 607
3 574 607 575
3 575 607 608
3 575 608 576
3 576 608 609
3 576 609 577
3 577 609 610
3 577 610 578
3 578 610 611
3 578 611 579
3 579 611 612
3 579 612 580
3 580 612 613
3 580 613 581
3 581 613 614
3 581 614 582
3 582 614 615
3 582 615 583
3 583 615 616
3 583 616 584
3 584 616 617
3 584 617 585
3 585 617 618
3 585 618 586
3 586 618 619
3 586 619 587
3 587 619 620
3 587 620 588
3 588 620 621
3 588 621 589
3 589 621 622
3 589 622 590
3 590 622 623
3 590 623 591
3 591 623 624
3 591 624 592
3 592 624 625
3 592 625 593
3 593 625 626
3 594 627 595
3 595 627 628
3 595 628 596
3 596 628 629
3 596 629 597
3 597 629 630
3 597 630 598
3 598 630 631
3 598 631 599
3 599 631 632
3 599 632 600
3 600 632 633
3 600 633 601
3 601 633 634
3 601 634 602
3 602 634 635
3 602 635 603
3 603 635 636
3 603 636 604
3 604 636 637
3 604 637 605
3 605 637 638
3 605 638 606
3 606 638 639
3 606 639 607
3 607 639 640
3 607 640 608
3 608 640 641
3 608 641 609
3 609 641 642
3 609 642 610
3 610 642 643
3 610 643 611
3 611 643 644
3 611 644 612
3 612 644 645
3 612 645 613
3 613 645 646
3 613 646 614
3 614 646 647
3 614 647 615
3 615 647 648
3 615 648 616
3 616 648 649
3 616 649 617
3 617 649 650
3 617 650 618
3 618 650 651
3 618 651 619
3 619 651 652
3 619 652 620
3 620 652 653
3 620 653 621
3 621 653 654
3 621 654 622
3 622 654 655
3 622 655 623
3 623 655 656
3 623 656 624
3 624 656 657
3 624 657 625
3 625 657 658
3 625 658 626
3 626 658 659
3 627 660 628
3 628 660 661
3 628 661 629
3 629 661 662
3 629 662 630
3 630 662 663
3 630 663 631
3 631 663 664
3 631 664 632
3 632 664 665
3 632 665 633
3 633 665 666
3 633 666 634
3 634 666 667
3 634 667 635
3 635 667 668
3 635 668 636
3 636 668 669
3 636 669 637
3 637 669 670
3 637 670 638
3 638 670 671
3 638 671 639
3 639 671 672
3 639 672 640
3 640 672 673
3 640 673 641
3 641 673 674
3 641 674 642
3 642 674 675
3 642 675 643
3 643 675 676
3 643 676 644
3 644 676 677
3 644 677 645
3 645 677 678
3 645 678 646
3 646 678 679
3 646 679 647
3 647 679 680
3 647 680 648
3 648 680 681
3 648 681 649
3 649 681 682
3 649 682 650
3 650 682 683
3 650 683 651
3 651 683 684
3 651 684 652
3 652 684 685
3 652 685 653
3 653 685 686
3 653 686 654
3 654 686 687
3 654 687 655
3 655 687 688
3 655 688 656
3 656 688 689
3 656 689 657
3 657 689 690
3 657 690 658
3 658 690 691
3 658 691 659
3 659 691 692
3 660 693 661
3 661 693 694
3 661 694 662
3 662 694 695
3 662 695 663
3 663 695 696
3 663 696 664
3 664 696 697
3 664 697 665
3 665 697 698
3 665 698 666
3 666 698 699
3 666 699 667
3 667 699 700
3 667 700 668
3 668 700 701
3 668 701 669
3 669 701 702
3 669 702 670
3 670 702 703
3 670 703 671
3 671 703 704
3 671 704 672
3 672 704 705
3 672 705 673
3 673 705 706
3 673 706 674
3 674 706 707
3 674 707 675
3 675 707 708
3 675 708 676
3 676 708 709
3 676 709 677
3 677 709 710
3 677 710 678
3 678 710 711
3 678 711 679
3 679 711 712
3 679 712 680
3 680 712 713
3 680 713 681
3 681 713 714
3 681 714 682
3 682 714 715
3 682 715 683
3 683 715 716
3 683 716 684
3 684 716 717
3 684 717 685
3 685 717 718
3 685 718 686
3 686 718 719
3 686 719 687
3 687 719 720
3 687 720 688
3 688 720 721
3 688 721 689
3 689 721 722
3 689 722 690
3 690 722 723
3 690 723 691
3 691 723 724
3 691 724 692
3 692 724 725
3 693 726 694
3 694 726 727
3 694 727 695
3 695 727 728
3 695 728 696
3 696 728 729
3 696 729 697
3 697 729 730
3 697 730 698
3 698 730 731
3 698 731 699
3 699 731 732
3 699 732 700
3 700 732 733
3 700 733 701
3 701 733 734
3 701 734 702
3 702 734 735
3 702 735 703
3 703 735 736
3 703 736 704
3 704 736 737
3 704 737 705
3 705 737 738
3 705 738 706
3 706 738 739
3 706 739 707
3 707 739 740
3 707 740 708
3 708 740 741
3 708 741 709
3 709 741 742
3 709 742 710
3 710 742 743
3 710 743 711
3 711 743 744
3 711 744 712
3 712 744 745
3 712 745 713
3 713 745 746
3 713 746 714
3 714 746 747
3 714 747 715
3 715 747 748
3 715 748 716
3 716 748 749
3 716 749 717
3 717 749 750
3 717 750 718
3 718 750 751
3 718 751 719
3 719 751 752
3 719 752 720
3 720 752 753
3 720 753 721
3 721 753 754
3 721 754 722
3 722 754 755
3 722 755 723
3 723 755 756
3 723 756 724
3 724 756 757
3 724 757 725
3 725 757 758
3 726 759 727
3 727 759 760
3 727 760 728
3 728 760 761
3 728 761 729
3 729 761 762
3 729 762 730
3 730 762 763
3 730 763 731
3 731 763 764
3 731 764 732
3 732 764 765
3 732 765 733
3 733 765 766
3 733 766 734
3 734 766 767
3 734 767 735
3 735 767 768
3 735 768 736
3 736 768 769
3 736 769 737
3 737 769 770
3 737 770 738
3 738 770 771
3 738 771 739
3 739 771 772
3 739 772 740
3 740 772 773
3 740 773 741
3 741 773 774
3 741 774 742
3 742 774 775
3 742 775 743
3 743 775 776
3 743 776 744
3 744 776 777
3 744 777 745
3 745 777 778
3 745 778 746
3 746 778 779
3 746 779 747
3 747 779 780
3 747 780 748
3 748 780 781
3 748 781 749
3 749 781 782
3 749 782 750
3 750 782 783
3 750 783 751
3 751 783 784
3 751 784 752
3 752 784 785
3 752 785 753
3 753 785 786
3 753 786 754
3 754 786 787
3 754 787 755
3 755 787 788
3 755 788 756
3 756 788 789
3 756 789 757
3 757 789 790
3 757 790 758
3 758 790 791
3 759 792 760
3 760 792 793
3 760 793 761
3 761 793 794
3 761 794 762
3 762 794 795
3 762 795 763
3 763 795 796
3 763 796 764
3 764 796 797
3 764 797 765
3 765 797 798
3 765 798 766
3 766 798 799
3 766 799 767
3 767 799 800
3 767 800 768
3 768 800 801
3 768 801 769
3 769 801 802
3 769 802 770
3 770 802 803
3 770 803 771
3 771 803 804
3 771 804 772
3 772 804 805
3 772 805 773
3 773 805 806
3 773 806 774
3 774 806 807
3 774 807 775
3 775 807 808
3 775 808 776
3 776 808 809
3 776 809 777
3 777 809 810
3 777 810 778
3 778 810 811
3 778 811 779
3 779 811 812
3 779 812 780
3 780 812 813
3 780 813 781
3 781 813 814
3 781 814 782
3 782 814 815
3 782 815 783
3 783 815 816
3 783 816 784
3 784 816 817
3 784 817 785
3 785 817 818
3 785 818 786
3 786 818 819
3 786 819 787
3 787 819 820
3 787 820 788
3 788 820 821
3 788 821 789
3 789 821 822
3 789 822 790
3 790 822 823
3 790 823 791
3 791 823 824
3 825 858 826
3 826 858 859
3 826 859 827
3 827 859 860
3 827 860 828
3 828 860 861
3 828 861 829
3 829 861 862
3 829 862 830
3 830 862 863
3 830 863 831
3 831 863 864
3 831 864 832
3 832 864 865
3 832 865 833
3 833 865 866
3 833 866 834
3 834 866 867
3 834 867 835
3 835 867 868
3 835 868 836
3 836 868 869
3 836 869 837
3 837 869 870
3 837 870 838
3 838 870 871
3 838 871 839
3 839 871 872
3 839 872 840
3 840 872 873
3 840 873 841
3 841 873 874
3 841 874 842
3 842 874 875
3 842 875 843
3 843 875 876
3 843 876 844
3 844 876 877
3 844 877 845
3 845 877 878
3 845 878 846
3 846 878 879
3 846 879 847
3 847 879 880
3 847 880 848
3 848 880 881
3 848 881 849
3 849 881 882
3 849 882 850
3 850 882 883
3 850 883 851
3 851 883 884
3 851 884 852
3 852 884 885
3 852 885 853
3 853 885 886
3 853 886 854
3 854 886 887
3 854 887 855
3 855 887 888
3 855 888 856
3 856 888 889
3 856 889 857
3 857 889 890
3 858 891 859
3 859 891 892
3 859 892 860
3 860 892 893
3 860 893 861
3 861 893 894
3 861 894 862
3 862 894 895
3 862 895 863
3 863 895 896
3 863 896 864
3 864 896 897
3 864 897 865
3 865 897 898
3 865 898 866
3 866 898 899
3 866 899 867
3 867 899 900
3 867 900 868
3 868 900 901
3 868 901 869
3 869 901 902
3 869 902 870
3 870 902 903
3 870 903 871
3 871 903 904
3 871 904 872
3 872 904 905
3 872 905 873
3 873 905 906
3 873 906 874
3 874 906 907
3 874 907 875
3 875 907 908
3 875 908 876
3 876 908 909
3 876 909 877
3 877 909 910
3 877 910 878
3 878 910 911
3 878 911 879
3 879 911 912
3 879 912 880
3 880 912 913
3 880 913 881
3 881 913 914
3 881 914 882
3 882 914 915
3 882 915 883
3 883 915 916
3 883 916 884
3 884 916 917
3 884 917 885
3 885 917 918
3 885 918 886
3 886 918 919
3 886 919 887
3 887 919 920
3 887 920 888
3 888 920 921
3 888 921 889
3 889 921 922
3 889 922 890
3 890 922 923
3 891 924 892
3 892 924 925
3 892 925 893
3 893 925 926
3 893 926 894
3 894 926 927
3 894 927 895
3 895 927 928
3 895 928 896
3 896 928 929
3 896 929 897
3 897 929 930
3 897 930 898
3 898 930 931
3 898 931 899
3 899 931 932
3 899 932 900
3 900 932 933
3 900 933 901
3 901 933 934
3 901 934 902
3 902 934 935
3 902 935 903
3 903 935 936
3 903 936 904
3 904 936 937
3 904 937 905
3 905 937 938
3 905 938 906
3 906 938 939
3 906 939 907
3 907 939 940
3 907 940 908
3 908 940 941
3 908 941 909
3 909 941 942
3 909 942 910
3 910 942 943
3 910 943 911
3 911 943 944
3 911 944 912
3 912 944 945
3 912 945 913
3 913 945 946
3 913 946 914
3 914 946 947
3 914 947 915
3 915 947 948
3 915 948 916
3 916 948 949
3 916 949 917
3 917 949 950
3 917 950 918
3 918 950 951
3 918 951 919
3 919 951 952
3 919 952 920
3 920 952 953
3 920 953 921
3 921 953 954
3 921 954 922
3 922 954 955
3 922 955 923
3 923 955 956
3 924 957 925
3 925 957 958
3 925 958 926
3 926 958 959
3 926 959 927
3 927 959 960
3 927 960 928
3 928 960 961
3 928 961 929
3 929 961 962
3 929 962 930
3 930 962 963
3 930 963 931
3 931 963 964
3 931 964 932
3 932 964 965
3 932 965 933
3 933 965 966
3 933 966 934
3 934 966 967
3 934 967 935
3 935 967 968
3 935 968 936
3 936 968 969
3 936 969 937
3 937 969 970
3 937 970 938
3 938 970 971
3 938 971 939
3 939 971 972
3 939 972 940
3 940 972 973
3 940 973 941
3 941 973 974
3 941 974 942
3 942 974 975
3 942 975 943
3 943 975 976
3 943 976 944
3 944 976 977
3 944 977 945
3 945 977 978
3 945 978 946
3 946 978 979
3 946 979 947
3 947 979 980
3 947 980 948
3 948 980 981
3 948 981 949
3 949 981 982
3 949 982 950
3 950 982 983
3 950 983 951
3 951 983 984
3 951 984 952
3 952 984 985
3 952 985 953
3 953 985 986
3 953 986 954
3 954 986 987
3 954 987 955
3 955 987 988
3 955 988 956
3 956 988 989
3 957 990 958
3 958 990 991
3 958 991 959
3 959 991 992
3 959 992 960
3 960 992 993
3 960 993 961
3 961 993 994
3 961 994 962
3 962 994 995
3 962 995 963
3 963 995 996
3 963 996 964
3 964 996 997
3 964 997 965
3 965 997 998
3 965 998 966
3 966 998 999
3 966 999 967
3 967 999 1000
3 967 1000 968
3 968 1000 1001
3 968 1001 969
3 969 1001 1002
3 969 1002 970
3 970 1002 1003
3 970 1003 971
3 971 1003 1004
3 971 1004 972
3 972 1004 1005
3 972 1005 973
3 973 1005 1006
3 973 1006 974
3 974 1006 1007
3 974 1007 975
3 975 1007 1008
3 975 1008 976
3 976 1008 1009
3 976 1009 977
3 977 1009 1010
3 977 1010 978
3 978 1010 1011
3 978 1011 979
3 979 1011 1012
3 979 1012 980
3 980 1012 1013
3 980 1013 981
3 981 1013 1014
3 981 1014 982
3 982 1014 1015
3 982 1015 983
3 983 1015 1016
3 983 1016 984
3 984 1016 1017
3 984 1017 985
3 985 1017 1018
3 985 1018 986
3 986 1018 1019
3 986 1019 987
3 987 1019 1020
3 987 1020 988
3 988 1020 1021
3 988 1021 989
3 989 1021 1022
3 990 1023 991
3 991 1023 1024
3 991 1024 992
3 992 1024 1025
3 992 1025 993
3 993 1025 1026
3 993 1026 994
3 994 1026 1027
3 994 1027 995
3 995 1027 1028
3 995 1028 996
3 996 1028 1029
3 996 1029 997
3 997 1029 1030
3 997 1030 998
3 998 1030 1031
3 998 1031 999
3 999 1031 1032
3 999 1032 1000
3 1000 1032 1033
3 1000 1033 1001
3 1001 1033 1034
3 1001 1034 1002
3 1002 1034 1035
3 1002 1035 1003
3 1003 1035 1036
3 1003 1036 1004
3 1004 1036 1037
3 1004 1037 1005
3 1005 1037 1038
3 1005 1038 1006
3 1006 1038 1039
3 1006 1039 1007
3 1007 1039 1040
3 1007 1040 1008
3 1008 1040 1041
3 1008 1041 1009
3 1009 1041 1042
3 1009 1042 1010
3 1010 1042 1043
3 1010 1043 1011
3 1011 1043 1044
3 1011 1044 1012
3 1012 1044 1045
3 1012 1045 1013
3 1013 1045 1046
3 1013 1046 1014
3 1014 1046 1047
3 1014 1047 1015
3 1015 1047 1048
3 1015 1048 1016
3 1016 1048 1049
3 1016 1049 1017
3 1017 1049 1050
3 1017 1050 1018
3 1018 1050 1051
3 1018 1051 1019
3 1019 1051 1052
3 1019 1052 1020
3 1020 1052 1053
3 1020 1053 1021
3 1021 1053 1054
3 1021 1054 1022
3 1022 1054 1055
3 1023 1056 1024
3 1024 1056 1057
3 1024 1057 1025
3 1025 1057 1058
3 1025 1058 1026
3 1026 1058 1059
3 1026 1059 1027
3 1027 1059 1060
3 1027 1060 1028
3 1028 1060 1061
3 1028 1061 1029
3 1029 1061 1062
3 1029 1062 1030
3 1030 1062 1063
3 1030 1063 1031
3 1031 1063 1064
3 1031 1064 1032
3 1032 1064 1065
3 1032 1065 1033
3 1033 1065 1066
3 1033 1066 1034
3 1034 1066 1067
3 1034 1067 1035
3 1035 1067 1068
3 1035 1068 1036
3 1036 1068 1069
3 1036 1069 1037
3 1037 1069 1070
3 1037 1070 1038
3 1038 1070 1071
3 1038 1071 1039
3 1039 1071 1072
3 1039 1072 1040
3 1040 1072 1073
3 1040 1073 1041
3 1041 1073 1074
3 1041 1074 1042
3 1042 1074 1075
3 1042 1075 1043
3 1043 1075 1076
3 1043 1076 1044
3 1044 1076 1077
3 1044 1077 1045
3 1045 1077 1078
3 1045 1078 1046
3 1046 1078 1079
3 1046 1079 1047
3 1047 1079 1080
3 1047 1080 1048
3 1048 1080 1081
3 1048 1081 1049
3 1049 1081 1082
3 1049 1082 1050
3 1050 1082 1083
3 1050 1083 1051
3 1051 1083 1084
3 1051 1084 1052
3 1052 1084 1085
3 1052 1085 1053
3 1053 1085 1086
3 1053 1086 1054
3 1054 1086 1087
3 1054 1087 1055
3 1055 1087 1088
3 1056 1089 1057
3 1057 1089 1090
3 1057 1090 1058
3 1058 1090 1091
3 1058 1091 1059
3 1059 1091 1092
3 1059 1092 1060
3 1060 1092 1093
3 1060 1093 1061
3 1061 1093 1094
3 1061 1094 1062
3 1062 1094 1095
3 1062 1095 1063
3 1063 1095 1096
3 1063 1096 1064
3 1064 1096 1097
3 1064 1097 1065
3 1065 1097 1098
3 1065 1098 1066
3 1066 1098 1099
3 1066 1099 1067
3 1067 1099 1100
3 1067 1100 1068
3 1068 1100 1101
3 1068 1101 1069
3 1069 1101 1102
3 1069 1102 1070
3 1070 1102 1103
3 1070 1103 1071
3 1071 1103 1104
3 1071 1104 1072
3 1072 1104 1105
3 1072 1105 1073
3 1073 1105 1106
3 1073 1106 1074
3 1074 1106 1107
3 1074 1107 1075
3 1075 1107 1108
3 1075 1108 1076
3 1076 1108 1109
3 1076 1109 1077
3 1077 1109 1110
3 1077 1110 1078
3 1078 1110 1111
3 1078 1111 1079
3 1079 1111 1112
3 1079 1112 1080
3 1080 1112 1113
3 1080 1113 1081
3 1081 1113 1114
3 1081 1114 1082
3 1082 1114 1115
3 1082 1115 1083
3 1083 1115 1116
3 1083 1116 1084
3 1084 1116 1117
3 1084 1117 1085
3 1085 1117 1118
3 1085 1118 1086
3 1086 1118 1119
3 1086 1119 1087
3 1087 1119 1120
3 1087 1120 1088
3 1088 1120 1121
3 1089 1122 1090
3 1090 1122 1123
3 1090 1123 1091
3 1091 1123 1124
3 1091 1124 1092
3 1092 1124 1125
3 1092 1125 1093
3 1093 1125 1126
3 1093 1126 1094
3 1094 1126 1127
3 1094 1127 1095
3 1095 1127 1128
3 1095 1128 1096
3 1096 1128 1129
3 1096 1129 1097
3 1097 1129 1130
3 1097 1130 1098
3 1098 1130 1131
3 1098 1131 1099
3 1099 1131 1132
3 1099 1132 1100
3 1100 1132 1133
3 1100 1133 1101
3 1101 1133 1134
3 1101 1134 1102
3 1102 1134 1135
3 1102 1135 1103
3 1103 1135 1136
3 1103 1136 1104
3 1104 1136 1137
3 1104 1137 1105
3 1105 1137 1138
3 1105 1138 1106
3 1106 1138 1139
3 1106 1139 1107
3 1107 1139 1140
3 1107 1140 1108
3 1108 1140 1141
3 1108 1141 1109
3 1109 1141 1142
3 1109 1142 1110
3 1110 1142 1143
3 1110 1143 1111
3 1111 1143 1144
3 1111 1144 1112
3 1112 1144 1145
3 1112 1145 1113
3 1113 1145 1146
3 1113 1146 1114
3 1114 1146 1147
3 1114 1147 1115
3 1115 1147 1148
3 1115 1148 1116
3 1116 1148 1149
3 1116 1149 1117
3 1117 1149 1150
3 1117 1150 1118
3 1118 1150 1151
3 1118 1151 1119
3 1119 1151 1152
3 1119 1152 1120
3 1120 1152 1153
3 1120 1153 1121
3 1121 1153 1154
3 1122 1155 1123
3 1123 1155 1156
3 1123 1156 1124
3 1124 1156 1157
3 1124 1157 1125
3 1125 1157 1158
3 1125 1158 1126
3 1126 1158 1159
3 1126 1159 1127
3 1127 1159 1160
3 1127 1160 1128
3 1128 1160 1161
3 1128 1161 1129
3 1129 1161 1162
3 1129 1162 1130
3 1130 1162 1163
3 1130 1163 1131
3 1131 1163 1164
3 1131 1164 1132
3 1132 1164 1165
3 1132 1165 1133
3 1133 1165 1166
3 1133 1166 1134
3 1134 1166 1167
3 1134 1167 1135
3 1135 1167 1168
3 1135 1168 1136
3 1136 1168 1169
3 1136 1169 1137
3 1137 1169 1170
3 1137 1170 1138
3 1138 1170 1171
3 1138 1171 1139
3 1139 1171 1172
3 1139 1172 1140
3 1140 1172 1173
3 1140 1173 1141
3 1141 1173 1174
3 1141 1174 1142
3 1142 1174 1175
3 1142 1175 1143
3 1143 1175 1176
3 1143 1176 1144
3 1144 1176 1177
3 1144 1177 1145
3 1145 1177 1178
3 1145 1178 1146
3 1146 1178 1179
3 1146 1179 1147
3 1147 1179 1180
3 1147 1180 1148
3 1148 1180 1181
3 1148 1181 1149
3 1149 1181 1182
3 1149 1182 1150
3 1150 1182 1183
3 1150 1183 1151
3 1151 1183 1184
3 1151 1184 1152
3 1152 1184 1185
3 1152 1185 1153
3 1153 1185 1186
3 1153 1186 1154
3 1154 1186 1187
3 1155 1188 1156
3 1156 1188 1189
3 1156 1189 1157
3 1157 1189 1190
3 1157 1190 1158
3 1158 1190 1191
3 1158 1191 1159
3 1159 1191 1192
3 1159 1192 1160
3 1160 1192 1193
3 1160 1193 1161
3 1161 1193 1194
3 1161 1194 1162
3 1162 1194 1195
3 1162 1195 1163
3 1163 1195 1196
3 1163 1196 1164
3 1164 1196 1197
3 1164 1197 1165
3 1165 1197 1198
3 1165 1198 1166
3 1166 1198 1199
3 1166 1199 1167
3 1167 1199 1200
3 1167 1200 1168
3 1168 1200 1201
3 1168 1201 1169
3 1169 1201 1202
3 1169 1202 1170
3 1170 1202 1203
3 1170 1203 1171
3 1171 1203 1204
3 1171 1204 1172
3 1172 1204 1205
3 1172 1205 1173
3 1173 1205 1206
3 1173 1206 1174
3 1174 1206 1207
3 1174 1207 1175
3 1175 1207 1208
3 1175 1208 1176
3 1176 1208 1209
3 1176 1209 1177
3 1177 1209 1210
3 1177 1210 1178
3 1178 1210 1211
3 1178 1211 1179
3 1179 1211 1212
3 1179 1212 1180
3 1180 1212 1213
3 1180 1213 1181
3 1181 1213 1214
3 1181 1214 1182
3 1182 1214 1215
3 1182 1215 1183
3 1183 1215 1216
3 1183 1216 1184
3 1184 1216 1217
3 1184 1217 1185
3 1185 1217 1218
3 1185 1218 1186
3 1186 1218 1219
3 1186 1219 1187
3 1187 1219 1220
3 1188 1221 1189
3 1189 1221 1222
3 1189 1222 1190
3 1190 1222 1223
3 1190 1223 1191
3 1191 1223 1224
3 1191 1224 1192
3 1192 1224 1225
3 1192 1225 1193
3 1193 1225 1226
3 1193 1226 1194
3 1194 1226 1227
3 1194 1227 1195
3 1195 1227 1228
3 1195 1228 1196
3 1196 1228 1229
3 1196 1229 1197
3 1197 1229 1230
3 1197 1230 1198
3 1198 1230 1231
3 1198 1231 1199
3 1199 1231 1232
3 1199 1232 1200
3 1200 1232 1233
3 1200 1233 1201
3 1201 1233 1234
3 1201 1234 1202
3 1202 1234 1235
3 1202 1235 1203
3 1203 1235 1236
3 1203 1236 1204
3 1204 1236 1237
3 1204 1237 1205
3 1205 1237 1238
3 1205 1238 1206
3 1206 1238 1239
3 1206 1239 1207
3 1207 1239 1240
3 1207 1240 1208
3 1208 1240 1241
3 1208 1241 1209
3 1209 1241 1242
3 1209 1242 1210
3 1210 1242 1243
3 1210 1243 1211
3 1211 1243 1244
3 1211 1244 1212
3 1212 1244 1245
3 1212 1245 1213
3 1213 1245 1246
3 1213 1246 1214
3 1214 1246 1247
3 1214 1247 1215
3 1215 1247 1248
3 1215 1248 1216
3 1216 1248 1249
3 1216 1249 1217
3 1217 1249 1250
3 1217 1250 1218
3 1218 1250 1251
3 1218 1251 1219
3 1219 1251 1252
3 1219 1252 1220
3 1220 1252 1253
3 1221 1254 1222
3 1222 1254 1255
3 1222 1255 1223
3 1223 1255 1256
3 1223 1256 1224
3 1224 1256 1257
3 1224 1257 1225
3 1225 1257 1258
3 1225 1258 1226
3 1226 1258 1259
3 1226 1259 1227
3 1227 1259 1260
3 1227 1260 1228
3 1228 1260 1261
3 1228 1261 1229
3 1229 1261 1262
3 1229 1262 1230
3 1230 1262 1263
3 1230 1263 1231
3 1231 1263 1264
3 1231 1264 1232
3 1232 1264 1265
3 1232 1265 1233
3 1233 1265 1266
3 1233 1266 1234
3 1234 1266 1267
3 1234 1267 1235
3 1235 1267 1268
3 1235 1268 1236
3 1236 1268 1269
3 1236 1269 1237
3 1237 1269 1270
3 1237 1270 1238
3 1238 1270 1271
3 1238 1271 1239
3 1239 1271 1272
3 1239 1272 1240
3 1240 1272 1273
3 1240 1273 1241
3 1241 1273 1274
3 1241 1274 1242
3 1242 1274 1275
3 1242 1275 1243
3 1243 1275 1276
3 1243 1276 1244
3 1244 1276 1277
3 1244 1277 1245
3 1245 1277 1278
3 1245 1278 1246
3 1246 1278 1279
3 1246 1279 1247
3 1247 1279 1280
3 1247 1280 1248
3 1248 1280 1281
3 1248 1281 1249
3 1249 1281 1282
3 1249 1282 1250
3 1250 1282 1283
3 1250 1283 1251
3 1251 1283 1284
3 1251 1284 1252
3 1252 1284 1285
3 1252 1285 1253
3 1253 1285 1286
3 1254 1287 1255
3 1255 1287 1288
3 1255 1288 1256
3 1256 1288 1289
3 1256 1289 1257
3 1257 1289 1290
3 1257 1290 1258
3 1258 1290 1291
3 1258 1291 1259
3 1259 1291 1292
3 1259 1292 1260
3 1260 1292 1293
3 1260 1293 1261
3 1261 1293 1294
3 1261 1294 1262
3 1262 1294 1295
3 1262 1295 1263
3 1263 1295 1296
3 1263 1296 1264
3 1264 1296 1297
3 1264 1297 1265
3 1265 1297 1298
3 1265 1298 1266
3 1266 1298 1299
3 1266 1299 1267
3 1267 1299 1300
3 1267 1300 1268
3 1268 1300 1301
3 1268 1301 1269
3 1269 1301 1302
3 1269 1302 1270
3 1270 1302 1303
3 1270 1303 1271
3 1271 1303 1304
3 1271 1304 1272
3 1272 1304 1305
3 1272 1305 1273
3 1273 1305 1306
3 1273 1306 1274
3 1274 1306 1307
3 1274 1307 1275
3 1275 1307 1308
3 1275 1308 1276
3 1276 1308 1309
3 1276 1309 1277
3 1277 1309 1310
3 1277 1310 1278
3 1278 1310 1311
3 1278 1311 1279
3 1279 1311 1312
3 1279 1312 1280
3 1280 1312 1313
3 1280 1313 1281
3 1281 1313 1314
3 1281 1314 1282
3 1282 1314 1315
3 1282 1315 1283
3 1283 1315 1316
3 1283 1316 1284
3 1284 1316 1317
3 1284 1317 1285
3 1285 1317 1318
3 1285 1318 1286
3 1286 1318 1319
3 1287 1320 1288
3 1288 1320 1321
3 1288 1321 1289
3 1289 1321 1322
3 1289 1322 1290
3 1290 1322 1323
3 1290 1323 1291
3 1291 1323 1324
3 1291 1324 1292
3 1292 1324 1325
3 1292 1325 1293
3 1293 1325 1326
3 1293 1326 1294
3 1294 1326 1327
3 1294 1327 1295
3 1295 1327 1328
3 1295 1328 1296
3 1296 1328 1329
3 1296 1329 1297
3 1297 1329 1330
3 1297 1330 1298
3 1298 1330 1331
3 1298 1331 1299
3 1299 1331 1332
3 1299 1332 1300
3 1300 1332 1333
3 1300 1333 1301
3 1301 1333 1334
3 1301 1334 1302
3 1302 1334 1335
3 1302 1335 1303
3 1303 1335 1336
3 1303 1336 1304
3 1304 1336 1337
3 1304 1337 1305
3 1305 1337 1338
3 1305 1338 1306
3 1306 1338 1339
3 1306 1339 1307
3 1307 1339 1340
3 1307 1340 1308
3 1308 1340 1341
3 1308 1341 1309
3 1309 1341 1342
3 1309 1342 1310
3 1310 1342 1343
3 1310 1343 1311
3 1311 1343 1344
3 1311 1344 1312
3 1312 1344 1345
3 1312 1345 1313
3 1313 1345 1346
3 1313 1346 1314
3 1314 1346 1347
3 1314 1347 1315
3 1315 1347 1348
3 1315 1348 1316
3 1316 1348 1349
3 1316 1349 1317
3 1317 1349 1350
3 1317 1350 1318
3 1318 1350 1351
3 1318 1351 1319
3 1319 1351 1352
3 1320 1353 1321
3 1321 1353 1354
3 1321 1354 1322
3 1322 1354 1355
3 1322 1355 1323
3 1323 1355 1356
3 1323 1356 1324
3 1324 1356 1357
3 1324 1357 1325
3 1325 1357 1358
3 1325 1358 1326
3 1326 1358 1359
3 1326 1359 1327
3 1327 1359 1360
3 1327 1360 1328
3 1328 1360 1361
3 1328 1361 1329
3 1329 1361 1362
3 1329 1362 1330
3 1330 1362 1363
3 1330 1363 1331
3 1331 1363 1364
3 1331 1364 1332
3 1332 1364 1365
3 1332 1365 1333
3 1333 1365 1366
3 1333 1366 1334
3 1334 1366 1367
3 1334 1367 1335
3 1335 1367 1368
3 1335 1368 1336
3 1336 1368 1369
3 1336 1369 1337
3 1337 1369 1370
3 1337 1370 1338
3 1338 1370 1371
3 1338 1371 1339
3 1339 1371 1372
3 1339 1372 1340
3 1340 1372 1373
3 1340 1373 1341
3 1341 1373 1374
3 1341 1374 1342
3 1342 1374 1375
3 1342 1375 1343
3 1343 1375 1376
3 1343 1376 1344
3 1344 1376 1377
3 1344 1377 1345
3 1345 1377 1378
3 1345 1378 1346
3 1346 1378 1379
3 1346 1379 1347
3 1347 1379 1380
3 1347 1380 1348
3 1348 1380 1381
3 1348 1381 1349
3 1349 1381 1382
3 1349 1382 1350
3 1350 1382 1383
3 1350 1383 1351
3 1351 1383 1384
3 1351 1384 1352
3 1352 1384 1385
3 1353 1386 1354
3 1354 1386 1387
3 1354 1387 1355
3 1355 1387 1388
3 1355 1388 1356
3 1356 1388 1389
3 1356 1389 1357
3 1357 1389 1390
3 1357 1390 1358
3 1358 1390 1391
3 1358 1391 1359
3 1359 1391 1392
3 1359 1392 1360
3 1360 1392 1393
3 1360 1393 1361
3 1361 1393 1394
3 1361 1394 1362
3 1362 1394 1395
3 1362 1395 1363
3 1363 1395 1396
3 1363 1396 1364
3 1364 1396 1397
3 1364 1397 1365
3 1365 1397 1398
3 1365 1398 1366
3 1366 1398 1399
3 1366 1399 1367
3 1367 1399 1400
3 1367 1400 1368
3 1368 1400 1401
3 1368 1401 1369
3 1369 1401 1402
3 1369 1402 1370
3 1370 1402 1403
3 1370 1403 1371
3 1371 1403 1404
3 1371 1404 1372
3 1372 1404 1405
3 1372 1405 1373
3 1373 1405 1406
3 1373 1406 1374
3 1374 1406 1407
3 1374 1407 1375
3 1375 1407 1408
3 1375 1408 1376
3 1376 1408 1409
3 1376 1409 1377
3 1377 1409 1410
3 1377 1410 1378
3 1378 1410 1411
3 1378 1411 1379
3 1379 1411 1412
3 1379 1412 1380
3 1380 1412 1413
3 1380 1413 1381
3 1381 1413 1414
3 1381 1414 1382
3 1382 1414 1415
3 1382 1415 1383
3 1383 1415 1416
3 1383 1416 1384
3 1384 1416 1417
3 1384 1417 1385
3 1385 1417 1418
3 1386 1419 1387
3 1387 1419 1420
3 1387 1420 1388
3 1388 1420 1421
3 1388 1421 1389
3 1389 1421 1422
3 1389 1422 1390
3 1390 1422 1423
3 1390 1423 1391
3 1391 1423 1424
3 1391 1424 1392
3 1392 1424 1425
3 1392 1425 1393
3 1393 1425 1426
3 1393 1426 1394
3 1394 1426 1427
3 1394 1427 1395
3 1395 1427 1428
3 1395 1428 1396
3 1396 1428 1429
3 1396 1429 1397
3 1397 1429 1430
3 1397 1430 1398
3 1398 1430 1431
3 1398 1431 1399
3 1399 1431 1432
3 1399 1432 1400
3 1400 1432 1433
3 1400 1433 1401
3 1401 1433 1434
3 1401 1434 1402
3 1402 1434 1435
3 1402 1435 1403
3 1403 1435 1436
3 1403 1436 1404
3 1404 1436 1437
3 1404 1437 1405
3 1405 1437 1438
3 1405 1438 1406
3 1406 1438 1439
3 1406 1439 1407
3 1407 1439 1440
3 1407 1440 1408
3 1408 1440 1441
3 1408 1441 1409
3 1409 1441 1442
3 1409 1442 1410
3 1410 1442 1443
3 1410 1443 1411
3 1411 1443 1444
3 1411 1444 1412
3 1412 1444 1445
3 1412 1445 1413
3 1413 1445 1446
3 1413 1446 1414
3 1414 1446 1447
3 1414 1447 1415
3 1415 1447 1448
3 1415 1448 1416
3 1416 1448 1449
3 1416 1449 1417
3 1417 1449 1450
3 1417 1450 1418
3 1418 1450 1451
3 1419 1452 1420
3 1420 1452 1453
3 1420 1453 1421
3 1421 1453 1454
3 1421 1454 1422
3 1422 1454 1455
3 1422 1455 1423
3 1423 1455 1456
3 1423 1456 1424
3 1424 1456 1457
3 1424 1457 1425
3 1425 1457 1458
3 1425 1458 1426
3 1426 1458 1459
3 1426 1459 1427
3 1427 1459 1460
3 1427 1460 1428
3 1428 1460 1461
3 1428 1461 1429
3 1429 1461 1462
3 1429 1462 1430
3 1430 1462 1463
3 1430 1463 1431
3 1431 1463 1464
3 1431 1464 1432
3 1432 1464 1465
3 1432 1465 1433
3 1433 1465 1466
3 1433 1466 1434
3 1434 1466 1467
3 1434 1467 1435
3 1435 1467 1468
3 1435 1468 1436
3 1436 1468 1469
3 1436 1469 1437
3 1437 1469 1470
3 1437 1470 1438
3 1438 1470 1471
3 1438 1471 1439
3 1439 1471 1472
3 1439 1472 1440
3 1440 1472 1473
3 1440 1473 1441
3 1441 1473 1474
3 1441 1474 1442
3 1442 1474 1475
3 1442 1475 1443
3 1443 1475 1476
3 1443 1476 1444
3 1444 1476 1477
3 1444 1477 1445
3 1445 1477 1478
3 1445 1478 1446
3 1446 1478 1479
3 1446 1479 1447
3 1447 1479 1480
3 1447 1480 1448
3 1448 1480 1481
3 1448 1481 1449
3 1449 1481 1482
3 1449 1482 1450
3 1450 1482 1483
3 1450 1483 1451
3 1451 1483 1484
3 1452 1485 1453
3 1453 1485 1486
3 1453 1486 1454
3 1454 1486 1487
3 1454 1487 1455
3 1455 1487 1488
3 1455 1488 1456
3 1456 1488 1489
3 1456 1489 1457
3 1457 1489 1490
3 1457 1490 1458
3 1458 1490 1491
3 1458 1491 1459
3 1459 1491 1492
3 1459 1492 1460
3 1460 1492 1493
3 1460 1493 1461
3 1461 1493 1494
3 1461 1494 1462
3 1462 1494 1495
3 1462 1495 1463
3 1463 1495 1496
3 1463 1496 1464
3 1464 1496 1497
3 1464 1497 1465
3 1465 1497 1498
3 1465 1498 1466
3 1466 1498 1499
3 1466 1499 1467
3 1467 1499 1500
3 1467 1500 1468
3 1468 1500 1501
3 1468 1501 1469
3 1469 1501 1502
3 1469 1502 1470
3 1470 1502 1503
3 1470 1503 1471
3 1471 1503 1504
3 1471 1504 1472
3 1472 1504 1505
3 1472 1505 1473
3 1473 1505 1506
3 1473 1506 1474
3 1474 1506 1507
3 1474 1507 1475
3 1475 1507 1508
3 1475 1508 1476
3 1476 1508 1509
3 1476 1509 1477
3 1477 1509 1510
3 1477 1510 1478
3 1478 1510 1511
3 1478 1511 1479
3 1479 1511 1512
3 1479 1512 1480
3 1480 1512 1513
3 1480 1513 1481
3 1481 1513 1514
3 1481 1514 1482
3 1482 1514 1515
3 1482 1515 1483
3 1483 1515 1516
3 1483 1516 1484
3 1484 1516 1517
3 1485 1518 1486
3 1486 1518 1519
3 1486 1519 1487
3 1487 1519 1520
3 1487 1520 1488
3 1488 1520 1521
3 1488 1521 1489
3 1489 1521 1522
3 1489 1522 1490
3 1490 1522 1523
3 1490 1523 1491
3 1491 1523 1524
3 1491 1524 1492
3 1492 1524 1525
3 1492 1525 1493
3 1493 1525 1526
3 1493 1526 1494
3 1494 1526 1527
3 1494 1527 1495
3 1495 1527 1528
3 1495 1528 1496
3 1496 1528 1529
3 1496 1529 1497
3 1497 1529 1530
3 1497 1530 1498
3 1498 1530 1531
3 1498 1531 1499
3 1499 1531 1532
3 1499 1532 1500
3 1500 1532 1533
3 1500 1533 1501
3 1501 1533 1534
3 1501 1534 1502
3 1502 1534 1535
3 1502 1535 1503
3 1503 1535 1536
3 1503 1536 1504
3 1504 1536 1537
3 1504 1537 1505
3 1505 1537 1538
3 1505 1538 1506
3 1506 1538 1539
3 1506 1539 1507
3 1507 1539 1540
3 1507 1540 1508
3 1508 1540 1541
3 1508 1541 1509
3 1509 1541 1542
3 1509 1542 1510
3 1510 1542 1543
3 1510 1543 1511
3 1511 1543 1544
3 1511 1544 1512
3 1512 1544 1545
3 1512 1545 1513
3 1513 1545 1546
3 1513 1546 1514
3 1514 1546 1547
3 1514 1547 1515
3 1515 1547 1548
3 1515 1548 1516
3 1516 1548 1549
3 1516 1549 1517
3 1517 1549 1550
3 1518 1551 1519
3 1519 1551 1552
3 1519 1552 1520
3 1520 1552 1553
3 1520 1553 1521
3 1521 1553 1554
3 1521 1554 1522
3 1522 1554 1555
3 1522 1555 1523
3 1523 1555 1556
3 1523 1556 1524
3 1524 1556 1557
3 1524 1557 1525
3 1525 1557 1558
3 1525 1558 1526
3 1526 1558 1559
3 1526 1559 1527
3 1527 1559 1560
3 1527 1560 1528
3 1528 1560 1561
3 1528 1561 1529
3 1529 1561 1562
3 1529 1562 1530
3 1530 1562 1563
3 1530 1563 1531
3 1531 1563 1564
3 1531 1564 1532
3 1532 1564 1565
3 1532 1565 1533
3 1533 1565 1566
3 1533 1566 1534
3 1534 1566 1567
3 1534 1567 1535
3 1535 1567 1568
3 1535 1568 1536
3 1536 1568 1569
3 1536 1569 1537
3 1537 1569 1570
3 1537 1570 1538
3 1538 1570 1571
3 1538 1571 1539
3 1539 1571 1572
3 1539 1572 1540
3 1540 1572 1573
3 1540 1573 1541
3 1541 1573 1574
3 1541 1574 1542
3 1542 1574 1575
3 1542 1575 1543
3 1543 1575 1576
3 1543 1576 1544
3 1544 1576 1577
3 1544 1577 1545
3 1545 1577 1578
3 1545 1578 1546
3 1546 1578 1579
3 1546 1579 1547
3 1547 1579 1580
3 1547 1580 1548
3 1548 1580 1581
3 1548 1581 1549
3 1549 1581 1582
3 1549 1582 1550
3 1550 1582 1583
3 1551 1584 1552
3 1552 1584 1585
3 1552 1585 1553
3 1553 1585 1586
3 1553 1586 1554
3 1554 1586 1587
3 1554 1587 1555
3 1555 1587 1588
3 1555 1588 1556
3 1556 1588 1589
3 1556 1589 1557
3 1557 1589 1590
3 1557 1590 1558
3 1558 1590 1591
3 1558 1591 1559
3 1559 1591 1592
3 1559 1592 1560
3 1560 1592 1593
3 1560 1593 1561
3 1561 1593 1594
3 1561 1594 1562
3 1562 1594 1595
3 1562 1595 1563
3 1563 1595 1596
3 1563 1596 1564
3 1564 1596 1597
3 1564 1597 1565
3 1565 1597 1598
3 1565 1598 1566
3 1566 1598 1599
3 1566 1599 1567
3 1567 1599 1600
3 1567 1600 1568
3 1568 1600 1601
3 1568 1601 1569
3 1569 1601 1602
3 1569 1602 1570
3 1570 1602 1603
3 1570 1603 1571
3 1571 1603 1604
3 1571 1604 1572
3 1572 1604 1605
3 1572 1605 1573
3 1573 1605 1606
3 1573 1606 1574
3 1574 1606 1607
3 1574 1607 1575
3 1575 1607 1608
3 1575 1608 1576
3 1576 1608 1609
3 1576 1609 1577
3 1577 1609 1610
3 1577 1610 1578
3 1578 1610 1611
3 1578 1611 1579
3 1579 1611 1612
3 1579 1612 1580
3 1580 1612 1613
3 1580 1613 1581
3 1581 1613 1614
3 1581 1614 1582
3 1582 1614 1615
3 1582 1615 1583
3 1583 1615 1616
3 1584 1617 1585
3 1585 1617 1618
3 1585 1618 1586
3 1586 1618 1619
3 1586 1619 1587
3 1587 1619 1620
3 1587 1620 1588
3 1588 1620 1621
3 1588 1621 1589
3 1589 1621 1622
3 1589 1622 1590
3 1590 1622 1623
3 1590 1623 1591
3 1591 1623 1624
3 1591 1624 1592
3 1592 1624 1625
3 1592 1625 1593
3 1593 1625 1626
3 1593 1626 1594
3 1594 1626 1627
3 1594 1627 1595
3 1595 1627 1628
3 1595 1628 1596
3 1596 1628 1629
3 1596 1629 1597
3 1597 1629 1630
3 1597 1630 1598
3 1598 1630 1631
3 1598 1631 1599
3 1599 1631 1632
3 1599 1632 1600
3 1600 1632 1633
3 1600 1633 1601
3 1601 1633 1634
3 1601 1634 1602
3 1602 1634 1635
3 1602 1635 1603
3 1603 1635 1636
3 1603 1636 1604
3 1604 1636 1637
3 1604 1637 1605
3 1605 1637 1638
3 1605 1638 1606
3 1606 1638 1639
3 1606 1639 1607
3 1607 1639 1640
3 1607 1640 1608
3 1608 1640 1641
3 1608 1641 1609
3 1609 1641 1642
3 1609 1642 1610
3 1610 1642 1643
3 1610 1643 1611
3 1611 1643 1644
3 1611 1644 1612
3 1612 1644 1645
3 1612 1645 1613
3 1613 1645 1646
3 1613 1646 1614
3 1614 1646 1647
3 1614 1647 1615
3 1615 1647 1648
3 1615 1648 1616
3 1616 1648 1649
